Source File Name:	Scan
Signal:	Time - Vib Velocity - Samples

Time	Time Signal
[ s ]	[ m/s ]
0	3.06797e-7
1.6e-7	2.949481e-7
3.2e-7	1.189243e-6
4.8e-7	1.577214e-6
6.4e-7	1.859152e-6
8e-7	-5.450092e-7
9.6e-7	-1.100706e-7
1.12e-6	-1.168471e-6
1.28e-6	-1.38255e-6
1.44e-6	-1.609824e-6
1.6e-6	-1.877099e-6
1.76e-6	-1.407931e-6
1.92e-6	1.992278e-7
2.08e-6	-2.20684e-6
2.24e-6	-7.929507e-7
2.4e-6	-7.43931e-7
2.56e-6	1.12622e-6
2.72e-6	2.743513e-6
2.88e-6	3.494467e-6
3.04e-6	2.942992e-6
3.2e-6	1.353163e-6
3.36e-6	3.403677e-6
3.52e-6	2.34359e-6
3.68e-6	2.059704e-6
3.84e-6	2.484853e-6
4e-6	2.238138e-6
4.16e-6	5.394839e-7
4.32e-6	1.945522e-6
4.48e-6	1.333457e-6
4.64e-6	1.237892e-6
4.8e-6	1.415329e-6
4.96e-6	-1.383271e-6
5.12e-6	7.003262e-7
5.28e-6	1.610837e-8
5.44e-6	-3.20096e-8
5.6e-6	-5.449e-7
5.76e-6	-3.247963e-7
5.92e-6	-1.991075e-6
6.08e-6	-2.468153e-6
6.24e-6	-3.354628e-6
6.4e-6	-3.615768e-6
6.56e-6	-4.90983e-6
6.72e-6	-5.236779e-6
6.88e-6	-7.718913e-6
7.04e-6	-6.568046e-6
7.2e-6	-4.646276e-6
7.36e-6	-5.11321e-6
7.52e-6	-5.231625e-6
7.68e-6	-3.859635e-6
7.84e-6	-1.768799e-6
8e-6	-1.847639e-6
8.16e-6	-1.270484e-7
8.32e-6	-1.474658e-6
8.48e-6	-2.590857e-7
8.64e-6	-7.989977e-7
8.8e-6	-6.429271e-7
8.96e-6	-1.256216e-6
9.12e-6	-3.032398e-6
9.28e-6	-3.94611e-6
9.44e-6	-4.63657e-6
9.6e-6	-6.956854e-6
9.76e-6	-8.53413e-6
9.92e-6	-8.26311e-6
1.008e-5	-9.242639e-6
1.024e-5	-8.963534e-6
1.04e-5	-1.071009e-5
1.056e-5	-1.149463e-5
1.072e-5	-1.152948e-5
1.088e-5	-1.189864e-5
1.104e-5	-1.161411e-5
1.12e-5	-1.097045e-5
1.136e-5	-1.081555e-5
1.152e-5	-1.104396e-5
1.168e-5	-1.080977e-5
1.184e-5	-1.0435e-5
1.2e-5	-9.90397e-6
1.216e-5	-1.050578e-5
1.232e-5	-9.643778e-6
1.248e-5	-9.322911e-6
1.264e-5	-8.063364e-6
1.28e-5	-5.566381e-6
1.296e-5	-4.837438e-6
1.312e-5	-2.133129e-6
1.328e-5	-1.746699e-6
1.344e-5	-1.390887e-7
1.36e-5	-5.242141e-7
1.376e-5	1.607136e-7
1.392e-5	1.106846e-6
1.408e-5	1.195501e-7
1.424e-5	3.157949e-7
1.44e-5	5.324273e-7
1.456e-5	9.806238e-7
1.472e-5	-3.587054e-7
1.488e-5	-7.678386e-7
1.504e-5	2.173026e-7
1.52e-5	3.699969e-7
1.536e-5	-6.749225e-7
1.552e-5	-1.779156e-6
1.568e-5	-1.888893e-6
1.584e-5	-1.229829e-6
1.6e-5	-8.080939e-7
1.616e-5	1.25422e-6
1.632e-5	2.653673e-6
1.648e-5	2.589425e-6
1.664e-5	2.796315e-6
1.68e-5	4.346764e-6
1.696e-5	4.791811e-6
1.712e-5	3.967224e-6
1.728e-5	3.324402e-6
1.744e-5	6.121077e-6
1.76e-5	8.591473e-6
1.776e-5	7.156207e-6
1.792e-5	3.983132e-6
1.808e-5	4.235705e-6
1.824e-5	4.512638e-6
1.84e-5	6.017669e-6
1.856e-5	5.311524e-6
1.872e-5	4.646557e-6
1.888e-5	5.069959e-6
1.904e-5	4.074861e-6
1.92e-5	3.82222e-6
1.936e-5	5.117861e-6
1.952e-5	2.980154e-6
1.968e-5	3.315233e-6
1.984e-5	4.410079e-6
2e-5	4.618447e-6
2.016e-5	1.745033e-6
2.032e-5	1.868116e-6
2.048e-5	-4.859688e-7
2.064e-5	-2.036764e-6
2.08e-5	-1.842288e-6
2.096e-5	-3.11441e-6
2.112e-5	-3.671129e-6
2.128e-5	-3.863363e-6
2.144e-5	-2.75067e-6
2.16e-5	-3.99353e-6
2.176e-5	-4.918585e-6
2.192e-5	-4.189413e-6
2.208e-5	-5.020272e-6
2.224e-5	-5.97697e-6
2.24e-5	-7.661703e-6
2.256e-5	-7.825769e-6
2.272e-5	-5.818256e-6
2.288e-5	-7.767776e-6
2.304e-5	-8.795363e-6
2.32e-5	-5.120328e-6
2.336e-5	-5.232147e-6
2.352e-5	-6.230851e-6
2.368e-5	-6.578563e-6
2.384e-5	-6.894163e-6
2.4e-5	-5.592112e-6
2.416e-5	-5.025652e-6
2.432e-5	-3.79739e-6
2.448e-5	-5.87633e-6
2.464e-5	-6.88634e-6
2.48e-5	-6.741398e-6
2.496e-5	-6.967245e-6
2.512e-5	-5.602138e-6
2.528e-5	-2.982187e-6
2.544e-5	-7.721842e-7
2.56e-5	-6.610636e-7
2.576e-5	-2.582846e-6
2.592e-5	-4.097697e-6
2.608e-5	-8.972152e-6
2.624e-5	-7.236099e-6
2.64e-5	-5.173231e-6
2.656e-5	-5.797169e-6
2.672e-5	-5.943608e-6
2.688e-5	-5.402857e-6
2.704e-5	-4.655465e-6
2.72e-5	-1.539405e-6
2.736e-5	-2.722873e-7
2.752e-5	9.541039e-7
2.768e-5	1.192258e-6
2.784e-5	2.323797e-6
2.8e-5	1.354562e-6
2.816e-5	4.280668e-6
2.832e-5	4.797153e-6
2.848e-5	6.147277e-6
2.864e-5	3.510911e-6
2.88e-5	6.431963e-6
2.896e-5	7.308769e-6
2.912e-5	5.926567e-6
2.928e-5	5.927395e-6
2.944e-5	4.3924e-6
2.96e-5	3.765429e-6
2.976e-5	1.135332e-6
2.992e-5	-6.109909e-7
3.008e-5	-1.285953e-6
3.024e-5	-1.37204e-6
3.04e-5	4.07374e-8
3.056e-5	-2.464354e-6
3.072e-5	-4.299538e-6
3.088e-5	-3.18069e-6
3.104e-5	-3.68478e-7
3.12e-5	-1.203341e-6
3.136e-5	-2.848253e-7
3.152e-5	-6.921501e-7
3.168e-5	-1.764337e-7
3.184e-5	3.666412e-7
3.2e-5	-2.852997e-6
3.216e-5	-2.880863e-6
3.232e-5	-3.240972e-6
3.248e-5	-1.801182e-6
3.264e-5	-1.351478e-6
3.28e-5	5.436597e-7
3.296e-5	4.032717e-7
3.312e-5	2.110243e-6
3.328e-5	2.707934e-6
3.344e-5	1.052661e-6
3.36e-5	-3.629198e-6
3.376e-5	-3.023985e-6
3.392e-5	-2.382108e-6
3.408e-5	-1.369976e-6
3.424e-5	-4.81939e-8
3.44e-5	1.122817e-6
3.456e-5	-2.923001e-7
3.472e-5	-1.537514e-6
3.488e-5	-2.628171e-6
3.504e-5	-4.008338e-6
3.52e-5	-5.252058e-6
3.536e-5	-6.05873e-6
3.552e-5	-6.710646e-6
3.568e-5	-6.725009e-6
3.584e-5	-7.759939e-6
3.6e-5	-9.524127e-6
3.616e-5	-7.490308e-6
3.632e-5	-7.509047e-6
3.648e-5	-6.339216e-6
3.664e-5	-2.788237e-6
3.68e-5	-1.262358e-6
3.696e-5	-3.171799e-6
3.712e-5	-1.03468e-6
3.728e-5	-2.195299e-6
3.744e-5	-3.549819e-6
3.76e-5	-5.448024e-6
3.776e-5	-6.612782e-6
3.792e-5	-4.928406e-6
3.808e-5	-3.357758e-6
3.824e-5	-4.565761e-6
3.84e-5	-3.282054e-6
3.856e-5	-3.166663e-6
3.872e-5	-2.823932e-6
3.888e-5	-2.748521e-6
3.904e-5	-3.011581e-6
3.92e-5	-2.745004e-6
3.936e-5	-3.640593e-6
3.952e-5	-3.738773e-6
3.968e-5	-3.302248e-6
3.984e-5	-4.618544e-6
4e-5	-6.009148e-6
4.016e-5	-7.454578e-6
4.032e-5	-8.276234e-6
4.048e-5	-9.327374e-6
4.064e-5	-1.040404e-5
4.08e-5	-7.511365e-6
4.096e-5	-3.707594e-6
4.112e-5	-4.078045e-6
4.128e-5	-2.174823e-6
4.144e-5	-7.963572e-7
4.16e-5	2.975942e-6
4.176e-5	4.3074e-6
4.192e-5	3.578158e-6
4.208e-5	2.45078e-6
4.224e-5	2.207828e-6
4.24e-5	2.318701e-6
4.256e-5	2.422996e-6
4.272e-5	3.595221e-6
4.288e-5	3.246573e-6
4.304e-5	1.098472e-6
4.32e-5	1.239062e-6
4.336e-5	-5.641461e-7
4.352e-5	-1.655842e-6
4.368e-5	-4.369458e-7
4.384e-5	-3.876431e-7
4.4e-5	-7.947087e-7
4.416e-5	-3.783259e-7
4.432e-5	-6.235769e-8
4.448e-5	-8.489467e-7
4.464e-5	-3.400598e-7
4.48e-5	-8.197205e-7
4.496e-5	-1.875102e-7
4.512e-5	6.552215e-7
4.528e-5	1.094541e-6
4.544e-5	1.92036e-6
4.56e-5	1.907613e-6
4.576e-5	7.897115e-7
4.592e-5	-5.351942e-7
4.608e-5	8.503883e-7
4.624e-5	-1.494055e-6
4.64e-5	-1.925768e-6
4.656e-5	-5.596179e-7
4.672e-5	-2.720356e-6
4.688e-5	-4.917035e-6
4.704e-5	-6.971004e-6
4.72e-5	-5.249631e-6
4.736e-5	-5.822347e-6
4.752e-5	-4.428089e-6
4.768e-5	-5.297114e-6
4.784e-5	-6.043385e-6
4.8e-5	-5.183257e-6
4.816e-5	-4.482313e-6
4.832e-5	-3.514267e-6
4.848e-5	-4.149524e-6
4.864e-5	-4.270554e-6
4.88e-5	-4.7587e-6
4.896e-5	-6.640119e-6
4.912e-5	-6.92821e-6
4.928e-5	-6.028253e-6
4.944e-5	-4.991929e-6
4.96e-5	-4.423807e-6
4.976e-5	-5.9477e-6
4.992e-5	-5.251445e-6
5.008e-5	-4.690435e-6
5.024e-5	-5.683865e-6
5.04e-5	-6.820983e-6
5.056e-5	-5.893754e-6
5.072e-5	-7.632666e-6
5.088e-5	-9.388358e-6
5.104e-5	-8.817247e-6
5.12e-5	-8.865338e-6
5.136e-5	-7.854241e-6
5.152e-5	-9.116279e-6
5.168e-5	-9.681993e-6
5.184e-5	-1.070901e-5
5.2e-5	-1.097158e-5
5.216e-5	-1.216462e-5
5.232e-5	-1.137979e-5
5.248e-5	-1.13174e-5
5.264e-5	-1.248378e-5
5.28e-5	-1.131655e-5
5.296e-5	-1.128248e-5
5.312e-5	-1.152787e-5
5.328e-5	-1.028861e-5
5.344e-5	-9.373442e-6
5.36e-5	-1.013505e-5
5.376e-5	-8.925539e-6
5.392e-5	-7.627833e-6
5.408e-5	-7.763253e-6
5.424e-5	-8.396846e-6
5.44e-5	-7.125553e-6
5.456e-5	-7.638554e-6
5.472e-5	-7.262132e-6
5.488e-5	-6.523143e-6
5.504e-5	-6.206869e-6
5.52e-5	-4.343019e-6
5.536e-5	-2.460577e-6
5.552e-5	-1.858487e-6
5.568e-5	-2.380366e-6
5.584e-5	-4.481341e-6
5.6e-5	-2.178516e-6
5.616e-5	3.422674e-7
5.632e-5	3.47728e-6
5.648e-5	3.600889e-6
5.664e-5	8.083383e-7
5.68e-5	-1.701241e-6
5.696e-5	-3.053811e-6
5.712e-5	-2.832052e-6
5.728e-5	-1.616658e-6
5.744e-5	-5.5139e-7
5.76e-5	7.329184e-7
5.776e-5	1.537898e-6
5.792e-5	2.876137e-6
5.808e-5	3.828393e-6
5.824e-5	4.056987e-6
5.84e-5	4.319141e-6
5.856e-5	3.90912e-6
5.872e-5	3.961488e-6
5.888e-5	3.700295e-6
5.904e-5	3.236885e-6
5.92e-5	3.679024e-6
5.936e-5	3.744617e-6
5.952e-5	6.53608e-6
5.968e-5	7.828145e-6
5.984e-5	5.730764e-6
6e-5	5.222243e-6
6.016e-5	4.4338e-6
6.032e-5	3.984568e-6
6.048e-5	3.546268e-6
6.064e-5	2.544342e-6
6.08e-5	5.173804e-6
6.096e-5	7.428453e-6
6.112e-5	6.174146e-6
6.128e-5	4.92832e-6
6.144e-5	5.58546e-6
6.16e-5	6.154307e-6
6.176e-5	6.812869e-6
6.192e-5	5.204267e-6
6.208e-5	6.001931e-6
6.224e-5	5.556128e-6
6.24e-5	7.190876e-6
6.256e-5	6.485921e-6
6.272e-5	7.049987e-6
6.288e-5	7.522212e-6
6.304e-5	8.206009e-6
6.32e-5	8.658122e-6
6.336e-5	7.60813e-6
6.352e-5	7.31886e-6
6.368e-5	5.872979e-6
6.384e-5	7.429739e-6
6.4e-5	7.782527e-6
6.416e-5	6.903061e-6
6.432e-5	4.5664e-6
6.448e-5	4.854659e-6
6.464e-5	2.231086e-6
6.48e-5	3.030327e-6
6.496e-5	4.147535e-6
6.512e-5	7.159938e-7
6.528e-5	-3.269914e-7
6.544e-5	-1.29892e-6
6.56e-5	-2.110522e-6
6.576e-5	-2.774701e-6
6.592e-5	-4.872883e-6
6.608e-5	-8.733145e-6
6.624e-5	-9.027025e-6
6.64e-5	-8.225633e-6
6.656e-5	-6.840031e-6
6.672e-5	-6.421749e-6
6.688e-5	-5.847594e-6
6.704e-5	-3.396111e-6
6.72e-5	-1.055719e-6
6.736e-5	-2.429122e-7
6.752e-5	3.617059e-7
6.768e-5	1.674744e-6
6.784e-5	2.500795e-6
6.8e-5	3.152803e-6
6.816e-5	-5.092083e-7
6.832e-5	-4.748499e-7
6.848e-5	-1.853727e-6
6.864e-5	-1.817743e-6
6.88e-5	-3.267317e-6
6.896e-5	-4.813461e-6
6.912e-5	-6.414572e-6
6.928e-5	-5.184833e-6
6.944e-5	-4.259899e-6
6.96e-5	-3.298506e-6
6.976e-5	-3.070381e-6
6.992e-5	-3.200681e-6
7.008e-5	-4.138388e-6
7.024e-5	-4.287258e-6
7.04e-5	-3.987889e-7
7.056e-5	3.489637e-6
7.072e-5	5.837708e-7
7.088e-5	3.111119e-6
7.104e-5	4.838031e-6
7.12e-5	2.358309e-6
7.136e-5	3.152261e-6
7.152e-5	8.151936e-7
7.168e-5	1.207929e-6
7.184e-5	2.000501e-6
7.2e-5	3.023757e-6
7.216e-5	4.878423e-6
7.232e-5	4.912833e-6
7.248e-5	2.853654e-6
7.264e-5	2.044848e-6
7.28e-5	1.571954e-6
7.296e-5	-1.024631e-6
7.312e-5	-5.376924e-7
7.328e-5	2.324932e-7
7.344e-5	-2.653899e-6
7.36e-5	-4.286297e-6
7.376e-5	-5.406228e-6
7.392e-5	-5.071714e-6
7.408e-5	-4.080984e-6
7.424e-5	-2.752012e-6
7.44e-5	-2.099402e-6
7.456e-5	-1.692344e-7
7.472e-5	-1.296489e-6
7.488e-5	-2.388946e-6
7.504e-5	-1.382829e-6
7.52e-5	-1.027824e-6
7.536e-5	-1.065056e-6
7.552e-5	-1.808125e-6
7.568e-5	-1.842773e-6
7.584e-5	4.595252e-7
7.6e-5	7.306522e-7
7.616e-5	-3.899289e-7
7.632e-5	-1.740457e-6
7.648e-5	-3.070926e-6
7.664e-5	-3.278282e-6
7.68e-5	-4.505284e-6
7.696e-5	-5.085292e-6
7.712e-5	-4.840807e-6
7.728e-5	-6.187547e-6
7.744e-5	-7.51875e-6
7.76e-5	-7.90318e-6
7.776e-5	-9.637637e-6
7.792e-5	-9.224597e-6
7.808e-5	-8.704619e-6
7.824e-5	-6.723204e-6
7.84e-5	-5.915864e-6
7.856e-5	-8.012828e-6
7.872e-5	-9.039387e-6
7.888e-5	-8.735777e-6
7.904e-5	-9.36039e-6
7.92e-5	-1.053442e-5
7.936e-5	-6.612985e-6
7.952e-5	-5.831935e-6
7.968e-5	-3.956007e-6
7.984e-5	-6.197386e-7
8e-5	-8.202493e-7
8.016e-5	-1.093584e-6
8.032e-5	-5.987697e-7
8.048e-5	-1.609757e-6
8.064e-5	-2.107029e-6
8.08e-5	-1.037357e-6
8.096e-5	6.738897e-7
8.112e-5	1.216386e-7
8.128e-5	-1.06273e-6
8.144e-5	-1.327123e-6
8.16e-5	1.970969e-7
8.176e-5	1.337734e-6
8.192e-5	1.836058e-6
8.208e-5	1.651864e-6
8.224e-5	2.909073e-6
8.24e-5	3.572125e-6
8.256e-5	4.558713e-6
8.272e-5	5.166368e-6
8.288e-5	5.969519e-6
8.304e-5	6.976369e-6
8.32e-5	6.09288e-6
8.336e-5	7.968665e-6
8.352e-5	9.15958e-6
8.368e-5	9.723794e-6
8.384e-5	9.370053e-6
8.4e-5	8.453692e-6
8.416e-5	8.365068e-6
8.432e-5	8.138215e-6
8.448e-5	9.663826e-6
8.464e-5	1.164848e-5
8.48e-5	1.299201e-5
8.496e-5	1.259143e-5
8.512e-5	1.180042e-5
8.528e-5	9.754558e-6
8.544e-5	8.804473e-6
8.56e-5	8.225408e-6
8.576e-5	6.668089e-6
8.592e-5	5.710121e-6
8.608e-5	2.456496e-6
8.624e-5	2.760997e-6
8.64e-5	2.782989e-6
8.656e-5	2.993998e-6
8.672e-5	2.797873e-6
8.688e-5	2.24321e-6
8.704e-5	1.498876e-6
8.72e-5	-9.990475e-8
8.736e-5	-2.085831e-6
8.752e-5	-2.53074e-6
8.768e-5	-1.370371e-6
8.784e-5	-2.176673e-7
8.8e-5	-1.005815e-6
8.816e-5	-1.207575e-6
8.832e-5	-2.325226e-7
8.848e-5	-6.342176e-7
8.864e-5	-9.425376e-7
8.88e-5	-1.178092e-6
8.896e-5	5.298501e-7
8.912e-5	2.105101e-6
8.928e-5	1.659697e-6
8.944e-5	2.105504e-6
8.96e-5	2.324556e-6
8.976e-5	1.084136e-6
8.992e-5	2.608607e-7
9.008e-5	-6.707032e-7
9.024e-5	-9.174867e-7
9.04e-5	-1.296634e-6
9.056e-5	-2.062502e-6
9.072e-5	-2.237359e-6
9.088e-5	-2.620244e-6
9.104e-5	-3.090172e-6
9.12e-5	-3.419617e-6
9.136e-5	-2.887433e-6
9.152e-5	-2.75181e-6
9.168e-5	-1.254636e-6
9.184e-5	-1.35097e-6
9.2e-5	-2.165319e-7
9.216e-5	-2.511269e-7
9.232e-5	-1.321707e-6
9.248e-5	-1.668215e-6
9.264e-5	-2.798491e-6
9.28e-5	-2.527976e-6
9.296e-5	-2.162318e-6
9.312e-5	-2.305774e-6
9.328e-5	-1.822582e-6
9.344e-5	-1.44798e-6
9.36e-5	-3.51341e-6
9.376e-5	-2.911024e-6
9.392e-5	-4.783701e-6
9.408e-5	-5.186154e-6
9.424e-5	-5.351372e-6
9.44e-5	-4.302645e-6
9.456e-5	-3.180303e-6
9.472e-5	-2.34962e-6
9.488e-5	-3.231469e-6
9.504e-5	-3.933072e-6
9.52e-5	-3.001998e-6
9.536e-5	-4.520442e-6
9.552e-5	-3.243055e-6
9.568e-5	-4.106948e-6
9.584e-5	-3.883642e-6
9.6e-5	-3.854557e-6
9.616e-5	-4.798864e-6
9.632e-5	-3.456555e-6
9.648e-5	-3.401875e-6
9.664e-5	-3.414886e-6
9.68e-5	-3.46219e-6
9.696e-5	-4.085885e-6
9.712e-5	-5.037386e-6
9.728e-5	-5.425863e-6
9.744e-5	-4.05887e-6
9.76e-5	-3.199754e-6
9.776e-5	-5.349676e-6
9.792e-5	-5.108051e-6
9.808e-5	-3.906191e-6
9.824e-5	-2.34824e-6
9.84e-5	-2.044338e-6
9.856e-5	-3.348035e-7
9.872e-5	1.471302e-7
9.888e-5	2.283494e-6
9.904e-5	1.345602e-6
9.92e-5	-2.679458e-6
9.936e-5	-2.456793e-6
9.952e-5	-8.097193e-7
9.968e-5	-1.329637e-6
9.984e-5	-1.895573e-6
0.0001	-2.306902e-6
0.00010016	-2.775893e-6
0.00010032	-1.157447e-6
0.00010048	-1.816806e-7
0.00010064	1.736947e-7
0.0001008	1.1905e-6
0.00010096	1.218271e-6
0.00010112	-2.357241e-8
0.00010128	1.261822e-6
0.00010144	1.177353e-6
0.0001016	-4.407033e-8
0.00010176	-3.495196e-6
0.00010192	-3.829349e-6
0.00010208	-2.363491e-6
0.00010224	-1.818624e-6
0.0001024	-1.863217e-6
0.00010256	2.600453e-7
0.00010272	6.930682e-7
0.00010288	2.216329e-6
0.00010304	1.750503e-6
0.0001032	5.355774e-7
0.00010336	-1.571663e-7
0.00010352	1.425665e-7
0.00010368	3.936758e-7
0.00010384	-1.822909e-6
0.000104	-4.167949e-6
0.00010416	-4.141992e-6
0.00010432	-3.52063e-6
0.00010448	-3.207226e-6
0.00010464	-2.366716e-6
0.0001048	-2.30193e-6
0.00010496	-2.88998e-6
0.00010512	-1.586568e-6
0.00010528	9.316087e-7
0.00010544	1.247623e-6
0.0001056	6.48107e-7
0.00010576	1.089873e-7
0.00010592	4.799963e-7
0.00010608	2.288169e-6
0.00010624	2.787351e-6
0.0001064	2.452118e-6
0.00010656	3.165065e-6
0.00010672	2.96691e-6
0.00010688	5.393276e-6
0.00010704	5.682565e-6
0.0001072	5.33492e-6
0.00010736	3.83424e-6
0.00010752	5.026618e-6
0.00010768	5.26685e-6
0.00010784	5.822863e-6
0.000108	5.324551e-6
0.00010816	5.894273e-6
0.00010832	5.713197e-6
0.00010848	5.189997e-6
0.00010864	4.646046e-6
0.0001088	4.209799e-6
0.00010896	4.216501e-6
0.00010912	3.888603e-6
0.00010928	3.224781e-6
0.00010944	4.416758e-6
0.0001096	5.99763e-6
0.00010976	4.867486e-6
0.00010992	4.239227e-6
0.00011008	4.132362e-6
0.00011024	4.418438e-6
0.0001104	4.635583e-6
0.00011056	3.210057e-6
0.00011072	2.0706e-6
0.00011088	4.812908e-6
0.00011104	6.095445e-6
0.0001112	6.642732e-6
0.00011136	7.193808e-6
0.00011152	7.068107e-6
0.00011168	2.852102e-6
0.00011184	2.845579e-6
0.000112	1.484394e-6
0.00011216	2.316312e-6
0.00011232	5.065235e-6
0.00011248	2.792319e-6
0.00011264	2.194857e-6
0.0001128	2.135854e-6
0.00011296	2.066041e-6
0.00011312	3.075615e-6
0.00011328	1.762721e-6
0.00011344	1.013942e-8
0.0001136	-7.949878e-7
0.00011376	-8.969631e-7
0.00011392	-8.918803e-7
0.00011408	-1.856109e-6
0.00011424	-1.008626e-6
0.0001144	-1.505051e-7
0.00011456	-1.871366e-7
0.00011472	1.995372e-7
0.00011488	-9.286107e-7
0.00011504	-1.207067e-6
0.0001152	-1.96966e-6
0.00011536	-2.187005e-6
0.00011552	8.073848e-7
0.00011568	-4.246938e-8
0.00011584	-1.355661e-6
0.000116	-9.737772e-7
0.00011616	-1.211837e-6
0.00011632	-9.905352e-7
0.00011648	-1.397158e-6
0.00011664	-1.278887e-6
0.0001168	-1.246409e-6
0.00011696	-1.846646e-6
0.00011712	-2.179996e-6
0.00011728	-2.808989e-6
0.00011744	-2.919429e-7
0.0001176	8.233233e-7
0.00011776	1.230039e-6
0.00011792	1.28789e-6
0.00011808	-2.539882e-6
0.00011824	-2.708268e-6
0.0001184	-1.914261e-6
0.00011856	-1.51802e-6
0.00011872	-9.871857e-7
0.00011888	-1.012148e-6
0.00011904	-7.183032e-7
0.0001192	-3.051464e-6
0.00011936	-3.624265e-6
0.00011952	-1.614422e-6
0.00011968	-9.298737e-7
0.00011984	-1.862809e-6
0.00012	2.538457e-7
0.00012016	1.822773e-6
0.00012032	3.373462e-6
0.00012048	4.499389e-6
0.00012064	1.060441e-6
0.0001208	6.418718e-7
0.00012096	1.241997e-6
0.00012112	2.344969e-6
0.00012128	2.525552e-6
0.00012144	2.26796e-6
0.0001216	2.360543e-6
0.00012176	1.340945e-6
0.00012192	1.22969e-6
0.00012208	3.88308e-6
0.00012224	3.164991e-6
0.0001224	2.224059e-6
0.00012256	-5.333712e-7
0.00012272	-1.34459e-6
0.00012288	-9.216216e-7
0.00012304	1.58897e-6
0.0001232	6.926537e-7
0.00012336	-8.597749e-7
0.00012352	-1.109785e-6
0.00012368	-2.207706e-6
0.00012384	-3.348415e-6
0.000124	-3.465866e-6
0.00012416	-2.285154e-6
0.00012432	-9.318899e-7
0.00012448	-2.133104e-6
0.00012464	-3.032836e-6
0.0001248	-1.991204e-7
0.00012496	1.32585e-6
0.00012512	2.140438e-6
0.00012528	2.898686e-6
0.00012544	3.087309e-6
0.0001256	6.874016e-7
0.00012576	-3.836271e-7
0.00012592	8.528144e-7
0.00012608	2.529584e-6
0.00012624	3.408619e-6
0.0001264	5.582443e-7
0.00012656	-3.441003e-6
0.00012672	-6.555782e-6
0.00012688	-5.070533e-6
0.00012704	-2.495284e-6
0.0001272	-1.686152e-6
0.00012736	-1.568116e-6
0.00012752	-3.111611e-6
0.00012768	-3.346942e-6
0.00012784	-3.53252e-6
0.000128	-2.415612e-6
0.00012816	-3.448657e-6
0.00012832	-3.563101e-7
0.00012848	1.335069e-6
0.00012864	1.651694e-6
0.0001288	3.155872e-6
0.00012896	3.141849e-6
0.00012912	2.178975e-6
0.00012928	1.314789e-6
0.00012944	1.670669e-6
0.0001296	3.002804e-6
0.00012976	3.848013e-6
0.00012992	5.180573e-6
0.00013008	3.611166e-6
0.00013024	3.732834e-6
0.0001304	4.968983e-6
0.00013056	7.183852e-6
0.00013072	7.412208e-6
0.00013088	7.388483e-6
0.00013104	7.659886e-6
0.0001312	7.779372e-6
0.00013136	7.808309e-6
0.00013152	7.0373e-6
0.00013168	5.461202e-6
0.00013184	5.187089e-6
0.000132	1.859383e-6
0.00013216	-2.753818e-7
0.00013232	1.075331e-6
0.00013248	3.430926e-6
0.00013264	4.803346e-6
0.0001328	2.057548e-6
0.00013296	2.542018e-6
0.00013312	6.231327e-7
0.00013328	5.424549e-7
0.00013344	-1.421154e-6
0.0001336	-4.448865e-7
0.00013376	-4.599235e-6
0.00013392	-4.296086e-6
0.00013408	-6.066442e-6
0.00013424	-5.004855e-6
0.0001344	-4.428654e-6
0.00013456	-5.121155e-6
0.00013472	-5.179705e-6
0.00013488	-5.595291e-6
0.00013504	-4.12155e-6
0.0001352	-2.17156e-6
0.00013536	-7.631942e-7
0.00013552	-8.213838e-7
0.00013568	-1.746397e-6
0.00013584	-6.018094e-7
0.000136	4.91913e-7
0.00013616	1.28015e-6
0.00013632	1.090983e-6
0.00013648	1.100094e-6
0.00013664	-6.026346e-8
0.0001368	-3.095997e-7
0.00013696	-1.633274e-6
0.00013712	-3.666111e-6
0.00013728	-4.899388e-6
0.00013744	-4.144902e-6
0.0001376	-4.796868e-6
0.00013776	-2.700905e-6
0.00013792	-1.770505e-6
0.00013808	2.155599e-6
0.00013824	1.811182e-6
0.0001384	1.427125e-6
0.00013856	7.237705e-7
0.00013872	6.891179e-7
0.00013888	1.896795e-6
0.00013904	3.434282e-6
0.0001392	3.615416e-6
0.00013936	5.991188e-6
0.00013952	4.99798e-6
0.00013968	3.981886e-6
0.00013984	2.827876e-6
0.00014	3.374269e-6
0.00014016	3.615269e-6
0.00014032	1.753948e-6
0.00014048	2.808544e-6
0.00014064	3.080824e-6
0.0001408	1.241574e-6
0.00014096	5.088975e-7
0.00014112	4.919968e-7
0.00014128	-3.549173e-7
0.00014144	-1.159465e-6
0.0001416	-1.355502e-6
0.00014176	-6.373608e-7
0.00014192	-1.637594e-6
0.00014208	-7.870844e-7
0.00014224	1.36239e-6
0.0001424	7.226695e-7
0.00014256	8.513028e-7
0.00014272	1.451415e-6
0.00014288	1.707116e-6
0.00014304	1.187442e-6
0.0001432	5.527709e-7
0.00014336	5.022181e-7
0.00014352	8.997951e-7
0.00014368	2.932747e-6
0.00014384	3.453235e-6
0.000144	4.393818e-6
0.00014416	3.218494e-6
0.00014432	1.795024e-6
0.00014448	2.371475e-6
0.00014464	2.455396e-6
0.0001448	1.3487e-6
0.00014496	2.611303e-6
0.00014512	2.505493e-6
0.00014528	-5.023961e-7
0.00014544	-3.747453e-6
0.0001456	-3.892697e-6
0.00014576	-4.205799e-6
0.00014592	-3.820914e-6
0.00014608	-1.840906e-6
0.00014624	1.081788e-7
0.0001464	2.535266e-6
0.00014656	3.179839e-6
0.00014672	4.420567e-6
0.00014688	5.168707e-6
0.00014704	3.274691e-6
0.0001472	2.554625e-6
0.00014736	5.008886e-6
0.00014752	7.387603e-6
0.00014768	6.615862e-6
0.00014784	6.80079e-6
0.000148	6.468743e-6
0.00014816	7.251202e-6
0.00014832	6.235356e-6
0.00014848	7.131732e-6
0.00014864	5.790674e-6
0.0001488	7.182565e-6
0.00014896	8.359252e-6
0.00014912	6.248937e-6
0.00014928	4.047804e-6
0.00014944	4.552427e-6
0.0001496	1.59964e-6
0.00014976	-4.844327e-8
0.00014992	-7.408824e-7
0.00015008	-1.486866e-7
0.00015024	1.591745e-6
0.0001504	-2.816718e-6
0.00015056	-3.532237e-6
0.00015072	-2.965496e-6
0.00015088	-3.269517e-6
0.00015104	-1.461583e-6
0.0001512	-1.866817e-6
0.00015136	2.549447e-7
0.00015152	4.705811e-7
0.00015168	7.266193e-7
0.00015184	2.426546e-6
0.000152	4.504259e-6
0.00015216	6.300641e-6
0.00015232	4.006388e-6
0.00015248	4.517463e-6
0.00015264	1.713532e-6
0.0001528	-2.151914e-6
0.00015296	4.042338e-7
0.00015312	-6.629759e-8
0.00015328	5.554011e-7
0.00015344	2.462696e-6
0.0001536	2.02678e-6
0.00015376	2.368365e-6
0.00015392	2.564925e-6
0.00015408	1.537858e-6
0.00015424	1.92645e-6
0.0001544	1.854145e-6
0.00015456	1.708296e-6
0.00015472	-9.203536e-7
0.00015488	-3.737456e-6
0.00015504	-4.763812e-6
0.0001552	-4.933775e-6
0.00015536	-2.663173e-6
0.00015552	-1.09747e-6
0.00015568	1.058306e-6
0.00015584	-9.170679e-7
0.000156	-2.725353e-6
0.00015616	-1.365436e-6
0.00015632	-8.392412e-7
0.00015648	-3.862856e-7
0.00015664	-2.817743e-6
0.0001568	-2.722645e-6
0.00015696	-3.071935e-6
0.00015712	-9.486191e-7
0.00015728	1.822827e-7
0.00015744	6.339283e-7
0.0001576	1.054823e-6
0.00015776	2.109647e-6
0.00015792	2.533341e-7
0.00015808	2.137111e-7
0.00015824	-3.122909e-7
0.0001584	-5.08287e-7
0.00015856	-7.07895e-7
0.00015872	8.556519e-7
0.00015888	-8.583726e-9
0.00015904	-1.667385e-7
0.0001592	1.254279e-6
0.00015936	1.982257e-6
0.00015952	9.355293e-7
0.00015968	4.730084e-7
0.00015984	1.635304e-6
0.00016	2.266176e-6
0.00016016	3.391422e-6
0.00016032	3.836566e-6
0.00016048	3.741528e-6
0.00016064	3.511597e-6
0.0001608	1.729466e-6
0.00016096	3.791668e-6
0.00016112	4.298964e-6
0.00016128	4.936569e-6
0.00016144	4.901115e-6
0.0001616	5.410198e-6
0.00016176	3.090312e-6
0.00016192	4.921799e-6
0.00016208	5.721361e-6
0.00016224	5.155246e-6
0.0001624	3.493743e-6
0.00016256	3.032359e-6
0.00016272	4.692013e-6
0.00016288	3.880156e-6
0.00016304	2.998177e-6
0.0001632	2.098353e-6
0.00016336	-6.196558e-7
0.00016352	-1.161494e-7
0.00016368	-2.883158e-7
0.00016384	-2.259821e-7
0.000164	1.483542e-6
0.00016416	3.417017e-6
0.00016432	1.524389e-6
0.00016448	2.105907e-7
0.00016464	4.254113e-7
0.0001648	-9.139872e-7
0.00016496	-3.154218e-7
0.00016512	-1.087114e-6
0.00016528	-1.529273e-6
0.00016544	-6.138143e-7
0.0001656	-7.512049e-7
0.00016576	-2.101568e-7
0.00016592	-6.027349e-8
0.00016608	3.220594e-7
0.00016624	8.838284e-7
0.0001664	6.034749e-7
0.00016656	1.155699e-6
0.00016672	1.294614e-6
0.00016688	1.938416e-6
0.00016704	2.539956e-6
0.0001672	1.488264e-6
0.00016736	1.522224e-6
0.00016752	2.839709e-6
0.00016768	2.815235e-6
0.00016784	3.502953e-6
0.000168	1.558552e-6
0.00016816	1.555205e-6
0.00016832	2.53425e-6
0.00016848	2.503656e-7
0.00016864	-1.942189e-6
0.0001688	-2.223539e-6
0.00016896	-1.821834e-6
0.00016912	-3.753054e-6
0.00016928	-7.747505e-6
0.00016944	-9.652785e-6
0.0001696	-1.009649e-5
0.00016976	-7.06522e-6
0.00016992	-7.8923e-6
0.00017008	-5.835879e-6
0.00017024	-4.82206e-6
0.0001704	-3.765262e-6
0.00017056	-3.169132e-6
0.00017072	-9.298934e-7
0.00017088	-1.430179e-6
0.00017104	-3.741769e-6
0.0001712	-5.264531e-6
0.00017136	-4.046726e-6
0.00017152	-2.643074e-6
0.00017168	-1.74994e-6
0.00017184	-3.362384e-6
0.000172	-2.690347e-6
0.00017216	-2.150804e-6
0.00017232	-1.856869e-6
0.00017248	8.599213e-7
0.00017264	8.301461e-7
0.0001728	1.160905e-6
0.00017296	5.375877e-7
0.00017312	1.800024e-7
0.00017328	-1.862605e-6
0.00017344	-2.766557e-6
0.0001736	-2.872166e-6
0.00017376	-4.373655e-6
0.00017392	-4.422171e-6
0.00017408	-2.920385e-6
0.00017424	-1.765592e-6
0.0001744	2.06276e-7
0.00017456	-5.462045e-7
0.00017472	-1.534145e-6
0.00017488	-3.285071e-6
0.00017504	-4.097476e-6
0.0001752	-5.012502e-6
0.00017536	-3.374337e-6
0.00017552	-3.411837e-6
0.00017568	-3.71391e-6
0.00017584	-2.680752e-6
0.000176	-2.593169e-6
0.00017616	-2.091018e-6
0.00017632	3.612415e-7
0.00017648	-7.735057e-7
0.00017664	7.5118e-7
0.0001768	6.998453e-7
0.00017696	3.751329e-7
0.00017712	-1.226129e-7
0.00017728	-2.139639e-7
0.00017744	-3.543717e-7
0.0001776	-2.018e-6
0.00017776	-1.340619e-6
0.00017792	-3.050038e-7
0.00017808	1.701408e-6
0.00017824	4.759346e-8
0.0001784	-1.302488e-6
0.00017856	-6.200921e-7
0.00017872	2.613312e-6
0.00017888	2.470276e-6
0.00017904	2.858354e-6
0.0001792	1.541879e-6
0.00017936	6.834568e-7
0.00017952	4.193286e-7
0.00017968	1.696553e-6
0.00017984	2.714963e-6
0.00018	3.258201e-6
0.00018016	2.496775e-6
0.00018032	2.320816e-7
0.00018048	-1.545086e-6
0.00018064	-2.544396e-6
0.0001808	-2.874737e-6
0.00018096	-2.643378e-6
0.00018112	-2.962442e-6
0.00018128	-2.424044e-6
0.00018144	-2.030997e-6
0.0001816	-2.372966e-6
0.00018176	-4.109928e-6
0.00018192	-3.957646e-6
0.00018208	-2.480088e-6
0.00018224	-1.631972e-6
0.0001824	-2.078174e-6
0.00018256	-1.937407e-6
0.00018272	-1.701291e-6
0.00018288	-8.211676e-7
0.00018304	2.689686e-7
0.0001832	1.630788e-6
0.00018336	2.218886e-6
0.00018352	1.271969e-6
0.00018368	1.661289e-7
0.00018384	-4.584902e-7
0.000184	2.169538e-7
0.00018416	-1.544926e-6
0.00018432	-2.30145e-6
0.00018448	-3.39913e-6
0.00018464	-5.114835e-6
0.0001848	-6.03292e-6
0.00018496	-6.473897e-6
0.00018512	-6.116788e-6
0.00018528	-6.046647e-6
0.00018544	-8.858602e-6
0.0001856	-8.825107e-6
0.00018576	-7.46506e-6
0.00018592	-4.434248e-6
0.00018608	-5.171735e-6
0.00018624	-6.988397e-6
0.0001864	-8.43114e-6
0.00018656	-7.121896e-6
0.00018672	-5.777786e-6
0.00018688	-5.909351e-6
0.00018704	-5.174716e-6
0.0001872	-4.093723e-6
0.00018736	-3.129918e-6
0.00018752	-1.554695e-7
0.00018768	3.248236e-7
0.00018784	-8.966048e-7
0.000188	-9.728873e-7
0.00018816	-1.132616e-6
0.00018832	6.285631e-7
0.00018848	2.033417e-6
0.00018864	1.545554e-6
0.0001888	1.954159e-6
0.00018896	2.28437e-6
0.00018912	1.704935e-6
0.00018928	1.137602e-6
0.00018944	1.865344e-6
0.0001896	2.569468e-6
0.00018976	6.131102e-7
0.00018992	7.210441e-7
0.00019008	2.148684e-6
0.00019024	2.760469e-6
0.0001904	2.823265e-6
0.00019056	2.808338e-6
0.00019072	3.127936e-6
0.00019088	2.065783e-6
0.00019104	2.012423e-6
0.0001912	-1.347659e-6
0.00019136	-1.425267e-6
0.00019152	-7.504431e-7
0.00019168	-1.958233e-6
0.00019184	-2.874805e-6
0.000192	-4.264862e-6
0.00019216	-4.259252e-6
0.00019232	-4.859941e-6
0.00019248	-6.036094e-6
0.00019264	-6.853162e-6
0.0001928	-9.37294e-6
0.00019296	-1.056105e-5
0.00019312	-1.013669e-5
0.00019328	-7.805324e-6
0.00019344	-6.972253e-6
0.0001936	-7.788753e-6
0.00019376	-9.472418e-6
0.00019392	-1.177022e-5
0.00019408	-1.214309e-5
0.00019424	-1.220955e-5
0.0001944	-1.264033e-5
0.00019456	-1.181819e-5
0.00019472	-1.105593e-5
0.00019488	-1.429856e-5
0.00019504	-1.430769e-5
0.0001952	-1.454221e-5
0.00019536	-1.367344e-5
0.00019552	-1.315059e-5
0.00019568	-1.318932e-5
0.00019584	-1.404549e-5
0.000196	-1.479235e-5
0.00019616	-1.436483e-5
0.00019632	-1.493609e-5
0.00019648	-1.368249e-5
0.00019664	-1.527625e-5
0.0001968	-1.820122e-5
0.00019696	-2.041288e-5
0.00019712	-1.997027e-5
0.00019728	-2.017407e-5
0.00019744	-2.11462e-5
0.0001976	-2.146856e-5
0.00019776	-2.088003e-5
0.00019792	-1.850991e-5
0.00019808	-1.831034e-5
0.00019824	-1.807274e-5
0.0001984	-1.864198e-5
0.00019856	-1.909426e-5
0.00019872	-1.960736e-5
0.00019888	-1.986934e-5
0.00019904	-1.810029e-5
0.0001992	-1.803916e-5
0.00019936	-1.880905e-5
0.00019952	-1.878839e-5
0.00019968	-1.532889e-5
0.00019984	-1.320832e-5
0.0002	-1.560845e-5
0.00020016	-1.686783e-5
0.00020032	-1.665149e-5
0.00020048	-1.711007e-5
0.00020064	-1.609101e-5
0.0002008	-1.651167e-5
0.00020096	-1.761206e-5
0.00020112	-1.890716e-5
0.00020128	-1.935737e-5
0.00020144	-2.015384e-5
0.0002016	-2.027e-5
0.00020176	-1.932671e-5
0.00020192	-1.877701e-5
0.00020208	-2.073954e-5
0.00020224	-2.080392e-5
0.0002024	-2.128148e-5
0.00020256	-2.172161e-5
0.00020272	-2.422714e-5
0.00020288	-2.70226e-5
0.00020304	-2.901177e-5
0.0002032	-3.086527e-5
0.00020336	-3.17439e-5
0.00020352	-3.284668e-5
0.00020368	-3.358987e-5
0.00020384	-3.346924e-5
0.000204	-3.526641e-5
0.00020416	-3.555592e-5
0.00020432	-3.604477e-5
0.00020448	-3.754664e-5
0.00020464	-3.905339e-5
0.0002048	-4.051881e-5
0.00020496	-4.219558e-5
0.00020512	-4.407592e-5
0.00020528	-4.448786e-5
0.00020544	-4.61055e-5
0.0002056	-4.705523e-5
0.00020576	-4.73767e-5
0.00020592	-4.998772e-5
0.00020608	-5.140713e-5
0.00020624	-5.283675e-5
0.0002064	-5.370345e-5
0.00020656	-5.27243e-5
0.00020672	-5.349088e-5
0.00020688	-5.436363e-5
0.00020704	-5.602088e-5
0.0002072	-5.836706e-5
0.00020736	-6.078329e-5
0.00020752	-6.191142e-5
0.00020768	-6.390108e-5
0.00020784	-6.338466e-5
0.000208	-6.176408e-5
0.00020816	-6.445932e-5
0.00020832	-6.766318e-5
0.00020848	-6.701582e-5
0.00020864	-6.645138e-5
0.0002088	-6.827593e-5
0.00020896	-7.124057e-5
0.00020912	-7.087324e-5
0.00020928	-7.09888e-5
0.00020944	-7.076124e-5
0.0002096	-6.808562e-5
0.00020976	-6.63691e-5
0.00020992	-6.476148e-5
0.00021008	-6.490733e-5
0.00021024	-6.545832e-5
0.0002104	-6.573348e-5
0.00021056	-6.413517e-5
0.00021072	-6.416648e-5
0.00021088	-6.285548e-5
0.00021104	-6.304155e-5
0.0002112	-6.237671e-5
0.00021136	-6.14415e-5
0.00021152	-6.017545e-5
0.00021168	-5.928737e-5
0.00021184	-5.829567e-5
0.000212	-5.680394e-5
0.00021216	-5.642831e-5
0.00021232	-5.508515e-5
0.00021248	-5.432395e-5
0.00021264	-5.671199e-5
0.0002128	-5.522199e-5
0.00021296	-5.25873e-5
0.00021312	-5.307784e-5
0.00021328	-5.528292e-5
0.00021344	-5.582147e-5
0.0002136	-5.51404e-5
0.00021376	-5.414779e-5
0.00021392	-5.414044e-5
0.00021408	-5.400848e-5
0.00021424	-5.314519e-5
0.0002144	-5.092681e-5
0.00021456	-5.00198e-5
0.00021472	-4.922558e-5
0.00021488	-4.799008e-5
0.00021504	-4.710221e-5
0.0002152	-4.557871e-5
0.00021536	-4.367161e-5
0.00021552	-4.263441e-5
0.00021568	-4.036665e-5
0.00021584	-3.80437e-5
0.000216	-3.767087e-5
0.00021616	-3.708225e-5
0.00021632	-3.564302e-5
0.00021648	-3.428069e-5
0.00021664	-3.205008e-5
0.0002168	-3.000815e-5
0.00021696	-2.891464e-5
0.00021712	-2.874351e-5
0.00021728	-2.756617e-5
0.00021744	-2.501982e-5
0.0002176	-2.341911e-5
0.00021776	-2.255726e-5
0.00021792	-2.189009e-5
0.00021808	-2.022352e-5
0.00021824	-1.85633e-5
0.0002184	-1.603589e-5
0.00021856	-1.360057e-5
0.00021872	-1.23078e-5
0.00021888	-9.171927e-6
0.00021904	-6.474839e-6
0.0002192	-6.112133e-6
0.00021936	-3.654734e-6
0.00021952	-1.957046e-6
0.00021968	7.036959e-7
0.00021984	2.94873e-6
0.00022	7.200989e-6
0.00022016	8.933745e-6
0.00022032	9.22727e-6
0.00022048	1.266729e-5
0.00022064	1.571585e-5
0.0002208	1.794471e-5
0.00022096	2.168838e-5
0.00022112	2.478463e-5
0.00022128	2.820737e-5
0.00022144	3.328142e-5
0.0002216	3.515099e-5
0.00022176	3.744433e-5
0.00022192	4.192102e-5
0.00022208	4.49522e-5
0.00022224	4.67631e-5
0.0002224	4.867303e-5
0.00022256	5.271089e-5
0.00022272	5.512565e-5
0.00022288	5.714983e-5
0.00022304	5.847822e-5
0.0002232	6.233244e-5
0.00022336	6.61201e-5
0.00022352	6.874233e-5
0.00022368	7.202802e-5
0.00022384	7.725279e-5
0.000224	8.092054e-5
0.00022416	8.340292e-5
0.00022432	8.894566e-5
0.00022448	9.32663e-5
0.00022464	9.381241e-5
0.0002248	9.585128e-5
0.00022496	9.861584e-5
0.00022512	0.0001031208
0.00022528	0.0001045725
0.00022544	0.0001103805
0.0002256	0.0001143887
0.00022576	0.0001164324
0.00022592	0.0001187907
0.00022608	0.0001198497
0.00022624	0.0001214692
0.0002264	0.0001228572
0.00022656	0.0001240374
0.00022672	0.0001276602
0.00022688	0.0001339664
0.00022704	0.0001350101
0.0002272	0.0001360247
0.00022736	0.0001376999
0.00022752	0.0001382434
0.00022768	0.0001401257
0.00022784	0.0001439477
0.000228	0.0001472708
0.00022816	0.0001498722
0.00022832	0.000156438
0.00022848	0.0001608588
0.00022864	0.0001640163
0.0002288	0.0001633586
0.00022896	0.000166962
0.00022912	0.0001694033
0.00022928	0.000172404
0.00022944	0.0001756776
0.0002296	0.0001778568
0.00022976	0.0001808766
0.00022992	0.0001817094
0.00023008	0.0001813223
0.00023024	0.0001837313
0.0002304	0.0001859867
0.00023056	0.0001875146
0.00023072	0.0001883878
0.00023088	0.0001922293
0.00023104	0.000193216
0.0002312	0.000194282
0.00023136	0.0001944795
0.00023152	0.0001959778
0.00023168	0.0001958221
0.00023184	0.000196287
0.000232	0.0001959599
0.00023216	0.000196289
0.00023232	0.0001971543
0.00023248	0.0001976672
0.00023264	0.0001973684
0.0002328	0.0001942977
0.00023296	0.0001928507
0.00023312	0.0001928794
0.00023328	0.0001929675
0.00023344	0.0001934615
0.0002336	0.0001921821
0.00023376	0.0001916777
0.00023392	0.0001898289
0.00023408	0.0001890213
0.00023424	0.0001857761
0.0002344	0.0001864565
0.00023456	0.0001885729
0.00023472	0.0001829519
0.00023488	0.0001790357
0.00023504	0.0001772677
0.0002352	0.0001761255
0.00023536	0.0001767668
0.00023552	0.0001779916
0.00023568	0.0001746857
0.00023584	0.0001731973
0.000236	0.0001723147
0.00023616	0.0001730384
0.00023632	0.0001682968
0.00023648	0.0001644655
0.00023664	0.000163633
0.0002368	0.0001623271
0.00023696	0.0001623564
0.00023712	0.0001573483
0.00023728	0.0001543378
0.00023744	0.000153561
0.0002376	0.0001508354
0.00023776	0.0001486641
0.00023792	0.000145642
0.00023808	0.0001416521
0.00023824	0.0001385851
0.0002384	0.000137239
0.00023856	0.0001330255
0.00023872	0.0001301062
0.00023888	0.00012797
0.00023904	0.0001245132
0.0002392	0.0001211061
0.00023936	0.0001163823
0.00023952	0.0001135039
0.00023968	0.0001082222
0.00023984	0.0001056471
0.00024	0.0001022903
0.00024016	9.647571e-5
0.00024032	9.303963e-5
0.00024048	8.96338e-5
0.00024064	8.542422e-5
0.0002408	8.137543e-5
0.00024096	7.640256e-5
0.00024112	7.16756e-5
0.00024128	6.871756e-5
0.00024144	6.324615e-5
0.0002416	5.716265e-5
0.00024176	5.395283e-5
0.00024192	5.128082e-5
0.00024208	4.775055e-5
0.00024224	4.407657e-5
0.0002424	3.769217e-5
0.00024256	3.184914e-5
0.00024272	2.6965e-5
0.00024288	2.213509e-5
0.00024304	1.679208e-5
0.0002432	1.148532e-5
0.00024336	6.107158e-6
0.00024352	1.734999e-6
0.00024368	-4.282354e-6
0.00024384	-7.486732e-6
0.000244	-7.488251e-6
0.00024416	-1.21764e-5
0.00024432	-1.761839e-5
0.00024448	-2.177714e-5
0.00024464	-2.876432e-5
0.0002448	-3.467377e-5
0.00024496	-3.654178e-5
0.00024512	-4.085949e-5
0.00024528	-4.631036e-5
0.00024544	-5.023773e-5
0.0002456	-5.532298e-5
0.00024576	-5.803146e-5
0.00024592	-6.079555e-5
0.00024608	-6.774569e-5
0.00024624	-6.923285e-5
0.0002464	-7.255435e-5
0.00024656	-7.694744e-5
0.00024672	-7.993178e-5
0.00024688	-8.504202e-5
0.00024704	-9.094388e-5
0.0002472	-9.464477e-5
0.00024736	-9.875896e-5
0.00024752	-0.0001023462
0.00024768	-0.0001067656
0.00024784	-0.0001106517
0.000248	-0.0001137882
0.00024816	-0.0001178808
0.00024832	-0.0001236966
0.00024848	-0.0001284575
0.00024864	-0.0001313993
0.0002488	-0.0001353327
0.00024896	-0.0001386149
0.00024912	-0.0001410664
0.00024928	-0.0001435711
0.00024944	-0.0001451667
0.0002496	-0.0001472765
0.00024976	-0.0001494324
0.00024992	-0.0001522712
0.00025008	-0.000156033
0.00025024	-0.0001597618
0.0002504	-0.0001613914
0.00025056	-0.0001628732
0.00025072	-0.000166792
0.00025088	-0.0001704493
0.00025104	-0.0001757602
0.0002512	-0.000181492
0.00025136	-0.0001860493
0.00025152	-0.0001860644
0.00025168	-0.0001887167
0.00025184	-0.0001939712
0.000252	-0.0001962725
0.00025216	-0.0001973089
0.00025232	-0.000199314
0.00025248	-0.0002021266
0.00025264	-0.0002052049
0.0002528	-0.0002058459
0.00025296	-0.0002078314
0.00025312	-0.0002098038
0.00025328	-0.0002121411
0.00025344	-0.0002158925
0.0002536	-0.000216794
0.00025376	-0.0002181255
0.00025392	-0.0002222303
0.00025408	-0.0002234625
0.00025424	-0.0002242666
0.0002544	-0.0002273066
0.00025456	-0.0002268511
0.00025472	-0.0002263808
0.00025488	-0.000225995
0.00025504	-0.0002277888
0.0002552	-0.000228633
0.00025536	-0.0002282241
0.00025552	-0.0002267827
0.00025568	-0.0002255454
0.00025584	-0.0002245996
0.000256	-0.0002224058
0.00025616	-0.0002190669
0.00025632	-0.0002186932
0.00025648	-0.0002173488
0.00025664	-0.000214188
0.0002568	-0.0002117221
0.00025696	-0.0002093909
0.00025712	-0.0002083844
0.00025728	-0.0002065471
0.00025744	-0.0002041917
0.0002576	-0.0002022039
0.00025776	-0.0001997551
0.00025792	-0.0001968403
0.00025808	-0.000194228
0.00025824	-0.0001899529
0.0002584	-0.0001844372
0.00025856	-0.0001790411
0.00025872	-0.0001765934
0.00025888	-0.0001730132
0.00025904	-0.0001709695
0.0002592	-0.0001641893
0.00025936	-0.0001583925
0.00025952	-0.0001550176
0.00025968	-0.0001510587
0.00025984	-0.0001463622
0.00026	-0.0001421781
0.00026016	-0.0001360584
0.00026032	-0.0001310165
0.00026048	-0.0001263737
0.00026064	-0.0001227568
0.0002608	-0.0001181059
0.00026096	-0.0001133147
0.00026112	-0.0001073152
0.00026128	-9.992585e-5
0.00026144	-9.537541e-5
0.0002616	-9.071377e-5
0.00026176	-8.499181e-5
0.00026192	-8.026847e-5
0.00026208	-7.522509e-5
0.00026224	-7.01822e-5
0.0002624	-6.506157e-5
0.00026256	-5.883849e-5
0.00026272	-5.282786e-5
0.00026288	-4.818776e-5
0.00026304	-4.246298e-5
0.0002632	-3.737094e-5
0.00026336	-3.258271e-5
0.00026352	-2.606241e-5
0.00026368	-1.796055e-5
0.00026384	-1.071426e-5
0.000264	-4.542856e-6
0.00026416	1.157676e-6
0.00026432	6.644283e-6
0.00026448	1.156774e-5
0.00026464	1.661813e-5
0.0002648	2.204295e-5
0.00026496	2.630383e-5
0.00026512	3.311215e-5
0.00026528	3.776552e-5
0.00026544	4.299072e-5
0.0002656	4.866432e-5
0.00026576	5.384229e-5
0.00026592	5.975825e-5
0.00026608	6.56072e-5
0.00026624	7.099502e-5
0.0002664	7.503834e-5
0.00026656	8.09397e-5
0.00026672	8.639416e-5
0.00026688	9.082512e-5
0.00026704	9.419895e-5
0.0002672	9.891897e-5
0.00026736	0.00010243
0.00026752	0.0001065489
0.00026768	0.0001068679
0.00026784	0.0001093803
0.000268	0.0001124322
0.00026816	0.00011402
0.00026832	0.0001163736
0.00026848	0.0001180801
0.00026864	0.0001192374
0.0002688	0.0001230238
0.00026896	0.0001246973
0.00026912	0.0001266308
0.00026928	0.0001266355
0.00026944	0.0001254858
0.0002696	0.0001274946
0.00026976	0.000126988
0.00026992	0.0001260463
0.00027008	0.0001258389
0.00027024	0.0001257834
0.0002704	0.0001252268
0.00027056	0.0001241445
0.00027072	0.0001234441
0.00027088	0.000121129
0.00027104	0.0001189531
0.0002712	0.0001170595
0.00027136	0.0001142672
0.00027152	0.0001112921
0.00027168	0.0001075631
0.00027184	0.0001064009
0.000272	0.0001032335
0.00027216	0.0001006134
0.00027232	9.78376e-5
0.00027248	9.2965e-5
0.00027264	8.803088e-5
0.0002728	8.407715e-5
0.00027296	7.975048e-5
0.00027312	7.590458e-5
0.00027328	7.192453e-5
0.00027344	6.672963e-5
0.0002736	6.195756e-5
0.00027376	5.950543e-5
0.00027392	5.600675e-5
0.00027408	5.189495e-5
0.00027424	4.732945e-5
0.0002744	4.236359e-5
0.00027456	3.738386e-5
0.00027472	3.3764e-5
0.00027488	3.047765e-5
0.00027504	2.536844e-5
0.0002752	1.951496e-5
0.00027536	1.372186e-5
0.00027552	8.444989e-6
0.00027568	4.884711e-6
0.00027584	-6.453392e-7
0.000276	-4.834051e-6
0.00027616	-6.388651e-6
0.00027632	-1.133956e-5
0.00027648	-1.600874e-5
0.00027664	-1.947787e-5
0.0002768	-2.306628e-5
0.00027696	-2.454186e-5
0.00027712	-2.862664e-5
0.00027728	-3.292181e-5
0.00027744	-3.49831e-5
0.0002776	-3.603854e-5
0.00027776	-3.385525e-5
0.00027792	-3.485962e-5
0.00027808	-3.642691e-5
0.00027824	-3.880588e-5
0.0002784	-3.969834e-5
0.00027856	-3.959255e-5
0.00027872	-3.97757e-5
0.00027888	-3.960022e-5
0.00027904	-3.972968e-5
0.0002792	-3.836758e-5
0.00027936	-3.717936e-5
0.00027952	-3.737002e-5
0.00027968	-3.735581e-5
0.00027984	-3.674618e-5
0.00028	-3.580988e-5
0.00028016	-3.438912e-5
0.00028032	-3.238405e-5
0.00028048	-3.085023e-5
0.00028064	-3.181257e-5
0.0002808	-3.081444e-5
0.00028096	-2.761636e-5
0.00028112	-2.467249e-5
0.00028128	-2.25128e-5
0.00028144	-2.108629e-5
0.0002816	-1.769445e-5
0.00028176	-1.45016e-5
0.00028192	-9.383524e-6
0.00028208	-5.424318e-6
0.00028224	-8.580877e-7
0.0002824	4.296618e-6
0.00028256	9.470232e-6
0.00028272	1.348724e-5
0.00028288	1.581416e-5
0.00028304	2.12798e-5
0.0002832	2.457655e-5
0.00028336	2.59027e-5
0.00028352	2.902529e-5
0.00028368	3.20371e-5
0.00028384	3.615216e-5
0.000284	4.120997e-5
0.00028416	4.315424e-5
0.00028432	4.79317e-5
0.00028448	5.359223e-5
0.00028464	5.593134e-5
0.0002848	6.119929e-5
0.00028496	6.504706e-5
0.00028512	6.986206e-5
0.00028528	7.218707e-5
0.00028544	7.528216e-5
0.0002856	7.73385e-5
0.00028576	7.88989e-5
0.00028592	8.289043e-5
0.00028608	8.536282e-5
0.00028624	8.899727e-5
0.0002864	9.295031e-5
0.00028656	9.285769e-5
0.00028672	9.731453e-5
0.00028688	9.953856e-5
0.00028704	0.0001034035
0.0002872	0.0001063083
0.00028736	0.0001040745
0.00028752	0.0001031394
0.00028768	0.0001016455
0.00028784	0.00010691
0.000288	0.0001057897
0.00028816	0.000102223
0.00028832	0.0001016534
0.00028848	9.937546e-5
0.00028864	0.0001020617
0.0002888	0.0001006
0.00028896	9.779722e-5
0.00028912	9.663856e-5
0.00028928	9.231422e-5
0.00028944	9.009155e-5
0.0002896	8.672938e-5
0.00028976	8.457147e-5
0.00028992	8.311007e-5
0.00029008	8.050918e-5
0.00029024	7.580851e-5
0.0002904	7.265998e-5
0.00029056	6.645405e-5
0.00029072	6.402419e-5
0.00029088	6.219064e-5
0.00029104	5.805699e-5
0.0002912	5.136205e-5
0.00029136	4.688398e-5
0.00029152	4.046364e-5
0.00029168	3.64771e-5
0.00029184	3.552775e-5
0.000292	3.13732e-5
0.00029216	2.683522e-5
0.00029232	2.189002e-5
0.00029248	1.875009e-5
0.00029264	1.257789e-5
0.0002928	5.965862e-6
0.00029296	-1.116372e-6
0.00029312	-6.441554e-6
0.00029328	-1.020923e-5
0.00029344	-1.71443e-5
0.0002936	-2.105341e-5
0.00029376	-2.779757e-5
0.00029392	-3.144387e-5
0.00029408	-3.595642e-5
0.00029424	-4.100055e-5
0.0002944	-4.601718e-5
0.00029456	-4.938723e-5
0.00029472	-5.564032e-5
0.00029488	-6.106467e-5
0.00029504	-6.47337e-5
0.0002952	-6.830216e-5
0.00029536	-6.970577e-5
0.00029552	-7.475889e-5
0.00029568	-7.910375e-5
0.00029584	-8.174878e-5
0.000296	-8.654601e-5
0.00029616	-8.923188e-5
0.00029632	-9.120128e-5
0.00029648	-9.276436e-5
0.00029664	-9.576808e-5
0.0002968	-9.904572e-5
0.00029696	-0.000102342
0.00029712	-0.0001065041
0.00029728	-0.0001092559
0.00029744	-0.000111404
0.0002976	-0.0001132919
0.00029776	-0.0001134255
0.00029792	-0.0001145121
0.00029808	-0.0001166826
0.00029824	-0.0001159044
0.0002984	-0.000115593
0.00029856	-0.0001160262
0.00029872	-0.0001168475
0.00029888	-0.0001175102
0.00029904	-0.0001161293
0.0002992	-0.0001153356
0.00029936	-0.0001149987
0.00029952	-0.0001136429
0.00029968	-0.000111976
0.00029984	-0.0001085133
0.0003	-0.0001061518
0.00030016	-0.0001048089
0.00030032	-0.0001039612
0.00030048	-0.0001021479
0.00030064	-9.959025e-5
0.0003008	-9.911541e-5
0.00030096	-9.642747e-5
0.00030112	-9.571135e-5
0.00030128	-9.557986e-5
0.00030144	-9.423985e-5
0.0003016	-9.170031e-5
0.00030176	-8.644156e-5
0.00030192	-8.350149e-5
0.00030208	-8.151853e-5
0.00030224	-8.022312e-5
0.0003024	-7.678501e-5
0.00030256	-7.525015e-5
0.00030272	-7.201868e-5
0.00030288	-6.82867e-5
0.00030304	-6.531234e-5
0.0003032	-6.311145e-5
0.00030336	-5.771555e-5
0.00030352	-5.330677e-5
0.00030368	-4.97121e-5
0.00030384	-4.80769e-5
0.000304	-4.403159e-5
0.00030416	-4.165285e-5
0.00030432	-3.698187e-5
0.00030448	-3.11915e-5
0.00030464	-2.939335e-5
0.0003048	-2.571325e-5
0.00030496	-2.342855e-5
0.00030512	-1.998742e-5
0.00030528	-1.531443e-5
0.00030544	-1.21174e-5
0.0003056	-1.010792e-5
0.00030576	-7.790451e-6
0.00030592	-7.99505e-6
0.00030608	-7.172592e-6
0.00030624	-3.943495e-6
0.0003064	-2.862614e-6
0.00030656	-3.82052e-7
0.00030672	6.087453e-7
0.00030688	3.252659e-6
0.00030704	8.091731e-6
0.0003072	8.567898e-6
0.00030736	1.206904e-5
0.00030752	1.541341e-5
0.00030768	1.748004e-5
0.00030784	1.913263e-5
0.000308	1.828899e-5
0.00030816	2.015414e-5
0.00030832	2.356871e-5
0.00030848	2.321488e-5
0.00030864	2.229311e-5
0.0003088	2.32258e-5
0.00030896	2.432274e-5
0.00030912	2.430543e-5
0.00030928	2.358863e-5
0.00030944	2.234948e-5
0.0003096	1.873798e-5
0.00030976	1.91063e-5
0.00030992	1.964629e-5
0.00031008	2.008886e-5
0.00031024	1.838735e-5
0.0003104	1.929691e-5
0.00031056	1.81886e-5
0.00031072	1.730993e-5
0.00031088	1.637095e-5
0.00031104	1.437082e-5
0.0003112	1.469467e-5
0.00031136	1.440927e-5
0.00031152	1.447341e-5
0.00031168	1.722512e-5
0.00031184	1.719002e-5
0.000312	1.540978e-5
0.00031216	1.651547e-5
0.00031232	1.643227e-5
0.00031248	1.489617e-5
0.00031264	1.311031e-5
0.0003128	1.367854e-5
0.00031296	1.280746e-5
0.00031312	9.685044e-6
0.00031328	7.409646e-6
0.00031344	4.761835e-6
0.0003136	3.634196e-6
0.00031376	1.143698e-6
0.00031392	-1.092715e-6
0.00031408	-2.488798e-6
0.00031424	-4.171975e-6
0.0003144	-4.505505e-6
0.00031456	-5.285264e-6
0.00031472	-8.483363e-6
0.00031488	-1.013969e-5
0.00031504	-1.161696e-5
0.0003152	-1.487962e-5
0.00031536	-1.817237e-5
0.00031552	-2.132194e-5
0.00031568	-2.171326e-5
0.00031584	-2.222589e-5
0.000316	-2.293382e-5
0.00031616	-2.374855e-5
0.00031632	-2.362991e-5
0.00031648	-2.356097e-5
0.00031664	-2.361897e-5
0.0003168	-2.573736e-5
0.00031696	-2.669161e-5
0.00031712	-2.702358e-5
0.00031728	-2.722555e-5
0.00031744	-2.79942e-5
0.0003176	-2.955838e-5
0.00031776	-3.154636e-5
0.00031792	-3.001326e-5
0.00031808	-2.978011e-5
0.00031824	-2.508792e-5
0.0003184	-2.352762e-5
0.00031856	-2.322607e-5
0.00031872	-2.35393e-5
0.00031888	-2.253264e-5
0.00031904	-2.151748e-5
0.0003192	-1.941661e-5
0.00031936	-1.866477e-5
0.00031952	-1.746576e-5
0.00031968	-1.595045e-5
0.00031984	-1.221161e-5
0.00032	-8.476369e-6
0.00032016	-4.711161e-6
0.00032032	-1.218332e-6
0.00032048	-8.607175e-7
0.00032064	1.567932e-6
0.0003208	5.405381e-6
0.00032096	8.989203e-6
0.00032112	1.436926e-5
0.00032128	1.837934e-5
0.00032144	2.213278e-5
0.0003216	2.642702e-5
0.00032176	2.82336e-5
0.00032192	3.297975e-5
0.00032208	3.463348e-5
0.00032224	4.086909e-5
0.0003224	4.784424e-5
0.00032256	5.335936e-5
0.00032272	5.506619e-5
0.00032288	5.87803e-5
0.00032304	6.147647e-5
0.0003232	6.725299e-5
0.00032336	7.226362e-5
0.00032352	7.566443e-5
0.00032368	7.87749e-5
0.00032384	8.153859e-5
0.000324	8.565954e-5
0.00032416	8.982829e-5
0.00032432	9.326927e-5
0.00032448	9.591054e-5
0.00032464	9.892116e-5
0.0003248	0.0001015198
0.00032496	0.0001036742
0.00032512	0.0001068566
0.00032528	0.0001092564
0.00032544	0.0001121944
0.0003256	0.0001159249
0.00032576	0.0001193967
0.00032592	0.0001233165
0.00032608	0.0001244848
0.00032624	0.0001281779
0.0003264	0.0001322963
0.00032656	0.0001338842
0.00032672	0.0001353076
0.00032688	0.0001351166
0.00032704	0.0001345921
0.0003272	0.00013381
0.00032736	0.0001363837
0.00032752	0.0001386291
0.00032768	0.0001383336
0.00032784	0.0001362967
0.000328	0.0001367983
0.00032816	0.0001353386
0.00032832	0.0001335228
0.00032848	0.000132892
0.00032864	0.0001328456
0.0003288	0.0001344438
0.00032896	0.0001329914
0.00032912	0.0001315582
0.00032928	0.0001318626
0.00032944	0.0001288863
0.0003296	0.0001267686
0.00032976	0.0001221287
0.00032992	0.000118524
0.00033008	0.0001158384
0.00033024	0.0001134058
0.0003304	0.0001109451
0.00033056	0.0001089788
0.00033072	0.0001079744
0.00033088	0.0001039707
0.00033104	0.0001006804
0.0003312	9.888371e-5
0.00033136	9.548965e-5
0.00033152	9.231433e-5
0.00033168	8.955523e-5
0.00033184	8.485118e-5
0.000332	8.012541e-5
0.00033216	7.500318e-5
0.00033232	6.927732e-5
0.00033248	6.218346e-5
0.00033264	5.766422e-5
0.0003328	5.384222e-5
0.00033296	5.042006e-5
0.00033312	4.511072e-5
0.00033328	4.108452e-5
0.00033344	3.564749e-5
0.0003336	2.977725e-5
0.00033376	2.348224e-5
0.00033392	1.869468e-5
0.00033408	1.514144e-5
0.00033424	1.214409e-5
0.0003344	9.566458e-6
0.00033456	4.495374e-6
0.00033472	9.057407e-7
0.00033488	-3.46418e-6
0.00033504	-7.158975e-6
0.0003352	-9.910822e-6
0.00033536	-1.44836e-5
0.00033552	-1.961744e-5
0.00033568	-2.273144e-5
0.00033584	-2.68199e-5
0.000336	-2.893289e-5
0.00033616	-3.440505e-5
0.00033632	-3.917384e-5
0.00033648	-4.19725e-5
0.00033664	-4.750308e-5
0.0003368	-5.271968e-5
0.00033696	-5.693698e-5
0.00033712	-6.138646e-5
0.00033728	-6.373443e-5
0.00033744	-6.687058e-5
0.0003376	-6.898322e-5
0.00033776	-7.135477e-5
0.00033792	-7.52044e-5
0.00033808	-7.845989e-5
0.00033824	-8.439254e-5
0.0003384	-8.807679e-5
0.00033856	-9.136125e-5
0.00033872	-9.529511e-5
0.00033888	-9.831482e-5
0.00033904	-0.0001006976
0.0003392	-0.0001028121
0.00033936	-0.0001065902
0.00033952	-0.0001059402
0.00033968	-0.0001090358
0.00033984	-0.0001115167
0.00034	-0.0001146217
0.00034016	-0.0001172599
0.00034032	-0.000116816
0.00034048	-0.0001151043
0.00034064	-0.0001158282
0.0003408	-0.0001191408
0.00034096	-0.0001204399
0.00034112	-0.0001244185
0.00034128	-0.0001246832
0.00034144	-0.0001268669
0.0003416	-0.0001301847
0.00034176	-0.0001317557
0.00034192	-0.0001346372
0.00034208	-0.0001337789
0.00034224	-0.0001353364
0.0003424	-0.0001365112
0.00034256	-0.0001373346
0.00034272	-0.0001377458
0.00034288	-0.0001380791
0.00034304	-0.0001401017
0.0003432	-0.0001397976
0.00034336	-0.000139412
0.00034352	-0.0001407433
0.00034368	-0.0001409689
0.00034384	-0.0001408359
0.000344	-0.0001402735
0.00034416	-0.0001404477
0.00034432	-0.0001422257
0.00034448	-0.0001404438
0.00034464	-0.0001402581
0.0003448	-0.0001407059
0.00034496	-0.0001407033
0.00034512	-0.0001393389
0.00034528	-0.0001392309
0.00034544	-0.0001378088
0.0003456	-0.0001365846
0.00034576	-0.0001331024
0.00034592	-0.0001310911
0.00034608	-0.0001276704
0.00034624	-0.0001254824
0.0003464	-0.000124754
0.00034656	-0.0001227381
0.00034672	-0.0001203953
0.00034688	-0.0001212355
0.00034704	-0.0001220043
0.0003472	-0.0001216784
0.00034736	-0.000121645
0.00034752	-0.0001208637
0.00034768	-0.0001198555
0.00034784	-0.0001183227
0.000348	-0.000116711
0.00034816	-0.0001147547
0.00034832	-0.0001110961
0.00034848	-0.0001086332
0.00034864	-0.000105636
0.0003488	-0.000105204
0.00034896	-0.0001054293
0.00034912	-0.0001040004
0.00034928	-0.0001026961
0.00034944	-0.0001036534
0.0003496	-0.0001035088
0.00034976	-0.00010219
0.00034992	-0.0001005692
0.00035008	-9.770674e-5
0.00035024	-9.571211e-5
0.0003504	-9.460977e-5
0.00035056	-9.350486e-5
0.00035072	-9.225719e-5
0.00035088	-9.156748e-5
0.00035104	-9.097418e-5
0.0003512	-8.862706e-5
0.00035136	-8.620829e-5
0.00035152	-8.38526e-5
0.00035168	-8.28062e-5
0.00035184	-8.132914e-5
0.000352	-7.943388e-5
0.00035216	-7.699009e-5
0.00035232	-7.543391e-5
0.00035248	-7.468389e-5
0.00035264	-7.191267e-5
0.0003528	-7.016701e-5
0.00035296	-6.969029e-5
0.00035312	-6.996361e-5
0.00035328	-7.07021e-5
0.00035344	-7.092942e-5
0.0003536	-6.928256e-5
0.00035376	-6.975789e-5
0.00035392	-6.705732e-5
0.00035408	-6.580957e-5
0.00035424	-6.41992e-5
0.0003544	-6.185005e-5
0.00035456	-5.992727e-5
0.00035472	-6.021102e-5
0.00035488	-5.784396e-5
0.00035504	-5.550092e-5
0.0003552	-5.49532e-5
0.00035536	-5.383221e-5
0.00035552	-5.37134e-5
0.00035568	-5.341411e-5
0.00035584	-4.992999e-5
0.000356	-4.817625e-5
0.00035616	-4.357458e-5
0.00035632	-3.96865e-5
0.00035648	-3.988923e-5
0.00035664	-3.577126e-5
0.0003568	-3.154387e-5
0.00035696	-2.632608e-5
0.00035712	-2.462889e-5
0.00035728	-2.346325e-5
0.00035744	-2.131772e-5
0.0003576	-2.015078e-5
0.00035776	-1.584858e-5
0.00035792	-1.187513e-5
0.00035808	-3.759613e-6
0.00035824	2.798872e-6
0.0003584	9.209816e-6
0.00035856	1.616664e-5
0.00035872	2.288321e-5
0.00035888	2.73737e-5
0.00035904	2.995388e-5
0.0003592	3.487967e-5
0.00035936	4.147308e-5
0.00035952	4.804025e-5
0.00035968	5.436276e-5
0.00035984	6.032212e-5
0.00036	6.59359e-5
0.00036016	7.255872e-5
0.00036032	8.046618e-5
0.00036048	8.604772e-5
0.00036064	9.375667e-5
0.0003608	9.943689e-5
0.00036096	0.0001062271
0.00036112	0.0001135891
0.00036128	0.0001209007
0.00036144	0.0001293521
0.0003616	0.0001354139
0.00036176	0.0001454736
0.00036192	0.0001537632
0.00036208	0.0001609418
0.00036224	0.0001679272
0.0003624	0.0001741538
0.00036256	0.0001815911
0.00036272	0.0001859615
0.00036288	0.0001927737
0.00036304	0.0002002229
0.0003632	0.0002059308
0.00036336	0.0002086786
0.00036352	0.0002145535
0.00036368	0.0002202393
0.00036384	0.0002235454
0.000364	0.000229383
0.00036416	0.0002340196
0.00036432	0.0002398704
0.00036448	0.0002432062
0.00036464	0.0002463263
0.0003648	0.0002496053
0.00036496	0.0002540985
0.00036512	0.0002555033
0.00036528	0.0002599075
0.00036544	0.0002634882
0.0003656	0.0002683153
0.00036576	0.0002705638
0.00036592	0.0002709669
0.00036608	0.0002712348
0.00036624	0.0002720195
0.0003664	0.000271422
0.00036656	0.0002710662
0.00036672	0.0002703932
0.00036688	0.0002686496
0.00036704	0.0002674338
0.0003672	0.0002662845
0.00036736	0.0002645199
0.00036752	0.0002645313
0.00036768	0.0002618236
0.00036784	0.0002587538
0.000368	0.0002547459
0.00036816	0.0002526956
0.00036832	0.0002496602
0.00036848	0.000246108
0.00036864	0.0002422976
0.0003688	0.000237879
0.00036896	0.0002344383
0.00036912	0.0002288347
0.00036928	0.0002251592
0.00036944	0.0002208751
0.0003696	0.0002168285
0.00036976	0.0002131268
0.00036992	0.0002092704
0.00037008	0.0002045793
0.00037024	0.0001978731
0.0003704	0.0001949885
0.00037056	0.0001896449
0.00037072	0.000183797
0.00037088	0.0001782596
0.00037104	0.0001749963
0.0003712	0.0001670392
0.00037136	0.000158928
0.00037152	0.0001541701
0.00037168	0.0001499146
0.00037184	0.0001419803
0.000372	0.000138902
0.00037216	0.0001354644
0.00037232	0.0001296914
0.00037248	0.0001238577
0.00037264	0.0001189926
0.0003728	0.0001151032
0.00037296	0.0001076486
0.00037312	0.0001025953
0.00037328	9.498648e-5
0.00037344	8.720566e-5
0.0003736	8.097051e-5
0.00037376	7.477604e-5
0.00037392	6.903177e-5
0.00037408	6.694869e-5
0.00037424	6.441657e-5
0.0003744	6.022642e-5
0.00037456	5.491062e-5
0.00037472	4.820772e-5
0.00037488	4.477803e-5
0.00037504	3.90551e-5
0.0003752	3.627011e-5
0.00037536	3.288029e-5
0.00037552	2.815629e-5
0.00037568	2.566625e-5
0.00037584	2.089087e-5
0.000376	1.860231e-5
0.00037616	1.387916e-5
0.00037632	8.414936e-6
0.00037648	3.606764e-6
0.00037664	-1.813096e-6
0.0003768	-8.262234e-6
0.00037696	-1.197801e-5
0.00037712	-1.44976e-5
0.00037728	-1.637667e-5
0.00037744	-1.945326e-5
0.0003776	-2.32592e-5
0.00037776	-2.864289e-5
0.00037792	-3.214445e-5
0.00037808	-3.753602e-5
0.00037824	-4.286523e-5
0.0003784	-4.54437e-5
0.00037856	-4.843349e-5
0.00037872	-5.151555e-5
0.00037888	-5.440793e-5
0.00037904	-5.628799e-5
0.0003792	-5.800799e-5
0.00037936	-6.157708e-5
0.00037952	-6.520106e-5
0.00037968	-6.766042e-5
0.00037984	-6.988141e-5
0.00038	-7.079612e-5
0.00038016	-7.395889e-5
0.00038032	-7.518682e-5
0.00038048	-7.644326e-5
0.00038064	-7.921012e-5
0.0003808	-8.155269e-5
0.00038096	-8.41782e-5
0.00038112	-8.604079e-5
0.00038128	-8.781037e-5
0.00038144	-9.103714e-5
0.0003816	-9.116984e-5
0.00038176	-9.200252e-5
0.00038192	-9.550498e-5
0.00038208	-9.547075e-5
0.00038224	-9.42092e-5
0.0003824	-9.444913e-5
0.00038256	-9.594008e-5
0.00038272	-9.478364e-5
0.00038288	-9.497536e-5
0.00038304	-9.411109e-5
0.0003832	-9.595948e-5
0.00038336	-9.885183e-5
0.00038352	-0.0001012745
0.00038368	-0.0001024521
0.00038384	-0.0001047285
0.000384	-0.0001041205
0.00038416	-0.0001023881
0.00038432	-0.0001042764
0.00038448	-0.0001040215
0.00038464	-0.0001051453
0.0003848	-0.0001061429
0.00038496	-0.0001087032
0.00038512	-0.0001083848
0.00038528	-0.0001092306
0.00038544	-0.0001091803
0.0003856	-0.0001075826
0.00038576	-0.0001058485
0.00038592	-0.0001059054
0.00038608	-0.0001081556
0.00038624	-0.0001066995
0.0003864	-0.0001051681
0.00038656	-0.0001068787
0.00038672	-0.0001043371
0.00038688	-0.0001003596
0.00038704	-9.856296e-5
0.0003872	-9.830741e-5
0.00038736	-9.766219e-5
0.00038752	-9.898341e-5
0.00038768	-0.0001001438
0.00038784	-9.916116e-5
0.000388	-9.806793e-5
0.00038816	-9.489661e-5
0.00038832	-9.396371e-5
0.00038848	-9.27855e-5
0.00038864	-9.316444e-5
0.0003888	-9.478927e-5
0.00038896	-9.515432e-5
0.00038912	-9.360374e-5
0.00038928	-9.211319e-5
0.00038944	-9.085176e-5
0.0003896	-9.067934e-5
0.00038976	-8.913677e-5
0.00038992	-8.796579e-5
0.00039008	-8.659727e-5
0.00039024	-8.533136e-5
0.0003904	-8.293559e-5
0.00039056	-8.20994e-5
0.00039072	-7.971918e-5
0.00039088	-8.078215e-5
0.00039104	-7.866092e-5
0.0003912	-7.810775e-5
0.00039136	-7.579605e-5
0.00039152	-7.414553e-5
0.00039168	-7.193464e-5
0.00039184	-7.118236e-5
0.000392	-7.066863e-5
0.00039216	-6.847081e-5
0.00039232	-6.65911e-5
0.00039248	-6.5916e-5
0.00039264	-6.501086e-5
0.0003928	-6.567567e-5
0.00039296	-6.527459e-5
0.00039312	-6.46766e-5
0.00039328	-6.549522e-5
0.00039344	-6.4447e-5
0.0003936	-6.15947e-5
0.00039376	-5.996171e-5
0.00039392	-5.905085e-5
0.00039408	-5.891503e-5
0.00039424	-5.898987e-5
0.0003944	-5.519372e-5
0.00039456	-5.492263e-5
0.00039472	-5.653033e-5
0.00039488	-5.838162e-5
0.00039504	-5.914518e-5
0.0003952	-5.824308e-5
0.00039536	-6.140898e-5
0.00039552	-6.350823e-5
0.00039568	-6.469831e-5
0.00039584	-6.427268e-5
0.000396	-6.437069e-5
0.00039616	-6.332257e-5
0.00039632	-6.443674e-5
0.00039648	-6.806775e-5
0.00039664	-7.043791e-5
0.0003968	-6.916307e-5
0.00039696	-7.030363e-5
0.00039712	-7.342799e-5
0.00039728	-7.600554e-5
0.00039744	-7.295664e-5
0.0003976	-7.698714e-5
0.00039776	-7.951455e-5
0.00039792	-8.356273e-5
0.00039808	-8.641792e-5
0.00039824	-8.707317e-5
0.0003984	-8.914491e-5
0.00039856	-8.934571e-5
0.00039872	-8.973155e-5
0.00039888	-8.803606e-5
0.00039904	-8.803979e-5
0.0003992	-9.087995e-5
0.00039936	-9.188645e-5
0.00039952	-9.394591e-5
0.00039968	-9.621376e-5
0.00039984	-9.817505e-5
0.0004	-0.0001012826
0.00040016	-0.0001038269
0.00040032	-0.0001028849
0.00040048	-0.0001039961
0.00040064	-0.0001075316
0.0004008	-0.0001109006
0.00040096	-0.0001128773
0.00040112	-0.0001156345
0.00040128	-0.0001154058
0.00040144	-0.0001177516
0.0004016	-0.0001178362
0.00040176	-0.0001188007
0.00040192	-0.0001167764
0.00040208	-0.0001172721
0.00040224	-0.000115102
0.0004024	-0.0001128875
0.00040256	-0.0001117431
0.00040272	-0.0001101718
0.00040288	-0.0001099758
0.00040304	-0.0001101722
0.0004032	-0.0001105903
0.00040336	-0.0001060544
0.00040352	-0.0001041285
0.00040368	-0.0001020548
0.00040384	-0.0001006232
0.000404	-9.826556e-5
0.00040416	-9.868211e-5
0.00040432	-9.906779e-5
0.00040448	-9.782478e-5
0.00040464	-9.309367e-5
0.0004048	-9.285692e-5
0.00040496	-8.918575e-5
0.00040512	-8.435843e-5
0.00040528	-8.454574e-5
0.00040544	-8.045028e-5
0.0004056	-7.524804e-5
0.00040576	-7.069863e-5
0.00040592	-6.854309e-5
0.00040608	-6.438137e-5
0.00040624	-6.191616e-5
0.0004064	-5.833655e-5
0.00040656	-5.239306e-5
0.00040672	-4.659973e-5
0.00040688	-4.104476e-5
0.00040704	-3.77949e-5
0.0004072	-3.50471e-5
0.00040736	-3.120271e-5
0.00040752	-2.556243e-5
0.00040768	-2.070109e-5
0.00040784	-1.639058e-5
0.000408	-1.302133e-5
0.00040816	-9.678142e-6
0.00040832	-2.720269e-6
0.00040848	3.370425e-6
0.00040864	8.565688e-6
0.0004088	1.28028e-5
0.00040896	1.792728e-5
0.00040912	2.239355e-5
0.00040928	2.535675e-5
0.00040944	2.817941e-5
0.0004096	2.935665e-5
0.00040976	3.2136e-5
0.00040992	3.507611e-5
0.00041008	3.921551e-5
0.00041024	4.475871e-5
0.0004104	4.762088e-5
0.00041056	5.127741e-5
0.00041072	5.418565e-5
0.00041088	5.350856e-5
0.00041104	5.943016e-5
0.0004112	6.381252e-5
0.00041136	6.766448e-5
0.00041152	7.574295e-5
0.00041168	7.957879e-5
0.00041184	8.26026e-5
0.000412	8.715577e-5
0.00041216	9.119317e-5
0.00041232	9.477793e-5
0.00041248	9.743645e-5
0.00041264	9.803832e-5
0.0004128	9.882022e-5
0.00041296	0.0001024423
0.00041312	0.0001050463
0.00041328	0.0001076633
0.00041344	0.0001105651
0.0004136	0.0001120867
0.00041376	0.0001143675
0.00041392	0.0001165445
0.00041408	0.0001191163
0.00041424	0.0001211339
0.0004144	0.0001224294
0.00041456	0.0001250484
0.00041472	0.000127317
0.00041488	0.0001274174
0.00041504	0.0001286763
0.0004152	0.0001284775
0.00041536	0.0001289179
0.00041552	0.000128489
0.00041568	0.0001263595
0.00041584	0.0001238527
0.000416	0.0001194023
0.00041616	0.0001170184
0.00041632	0.0001179634
0.00041648	0.0001188923
0.00041664	0.0001177978
0.0004168	0.0001168939
0.00041696	0.0001164604
0.00041712	0.0001163647
0.00041728	0.0001158473
0.00041744	0.000115914
0.0004176	0.0001141522
0.00041776	0.0001114975
0.00041792	0.0001072551
0.00041808	0.0001035275
0.00041824	9.953363e-5
0.0004184	9.530828e-5
0.00041856	8.934509e-5
0.00041872	8.698335e-5
0.00041888	8.367712e-5
0.00041904	7.924049e-5
0.0004192	7.75502e-5
0.00041936	7.552498e-5
0.00041952	7.096452e-5
0.00041968	6.453768e-5
0.00041984	6.126911e-5
0.00042	5.916642e-5
0.00042016	5.565746e-5
0.00042032	4.951445e-5
0.00042048	4.397893e-5
0.00042064	3.840332e-5
0.0004208	3.305644e-5
0.00042096	2.994081e-5
0.00042112	2.408668e-5
0.00042128	1.973205e-5
0.00042144	1.783823e-5
0.0004216	1.303035e-5
0.00042176	8.500895e-6
0.00042192	5.685155e-6
0.00042208	3.91989e-6
0.00042224	1.502408e-6
0.0004224	-3.394681e-6
0.00042256	-8.675619e-6
0.00042272	-1.163679e-5
0.00042288	-1.674671e-5
0.00042304	-1.88868e-5
0.0004232	-2.239961e-5
0.00042336	-2.860867e-5
0.00042352	-3.35966e-5
0.00042368	-3.571131e-5
0.00042384	-4.002321e-5
0.000424	-4.359014e-5
0.00042416	-4.518445e-5
0.00042432	-4.728724e-5
0.00042448	-5.182784e-5
0.00042464	-5.49486e-5
0.0004248	-6.013399e-5
0.00042496	-6.007721e-5
0.00042512	-6.07535e-5
0.00042528	-6.22755e-5
0.00042544	-6.274151e-5
0.0004256	-6.179992e-5
0.00042576	-6.119547e-5
0.00042592	-6.179333e-5
0.00042608	-6.696455e-5
0.00042624	-6.872741e-5
0.0004264	-6.979007e-5
0.00042656	-7.264853e-5
0.00042672	-7.457157e-5
0.00042688	-7.462232e-5
0.00042704	-7.297026e-5
0.0004272	-7.321301e-5
0.00042736	-7.311298e-5
0.00042752	-7.160573e-5
0.00042768	-7.194544e-5
0.00042784	-7.089853e-5
0.000428	-7.367873e-5
0.00042816	-7.430692e-5
0.00042832	-7.396324e-5
0.00042848	-7.339535e-5
0.00042864	-7.469459e-5
0.0004288	-7.532402e-5
0.00042896	-7.383188e-5
0.00042912	-7.482684e-5
0.00042928	-7.414157e-5
0.00042944	-7.542272e-5
0.0004296	-7.445125e-5
0.00042976	-7.522211e-5
0.00042992	-7.382137e-5
0.00043008	-7.278535e-5
0.00043024	-7.045783e-5
0.0004304	-6.790359e-5
0.00043056	-6.939661e-5
0.00043072	-6.969793e-5
0.00043088	-7.073639e-5
0.00043104	-7.231392e-5
0.0004312	-7.154135e-5
0.00043136	-7.330391e-5
0.00043152	-6.7779e-5
0.00043168	-6.793931e-5
0.00043184	-6.845588e-5
0.000432	-6.672941e-5
0.00043216	-6.417821e-5
0.00043232	-6.283032e-5
0.00043248	-6.242517e-5
0.00043264	-6.522968e-5
0.0004328	-6.589055e-5
0.00043296	-6.405848e-5
0.00043312	-6.265599e-5
0.00043328	-5.972845e-5
0.00043344	-5.499961e-5
0.0004336	-5.187136e-5
0.00043376	-4.984035e-5
0.00043392	-5.016615e-5
0.00043408	-4.88345e-5
0.00043424	-4.781627e-5
0.0004344	-4.594976e-5
0.00043456	-4.434097e-5
0.00043472	-4.163076e-5
0.00043488	-4.016685e-5
0.00043504	-3.982639e-5
0.0004352	-3.642542e-5
0.00043536	-3.239092e-5
0.00043552	-2.972069e-5
0.00043568	-2.925758e-5
0.00043584	-2.795308e-5
0.000436	-2.503609e-5
0.00043616	-2.375974e-5
0.00043632	-2.056493e-5
0.00043648	-1.851334e-5
0.00043664	-1.723026e-5
0.0004368	-1.709331e-5
0.00043696	-1.54045e-5
0.00043712	-1.390473e-5
0.00043728	-1.15535e-5
0.00043744	-6.432529e-6
0.0004376	-5.170099e-6
0.00043776	8.692234e-7
0.00043792	4.092441e-6
0.00043808	6.353346e-6
0.00043824	9.237763e-6
0.0004384	1.267525e-5
0.00043856	1.620343e-5
0.00043872	1.907492e-5
0.00043888	2.269703e-5
0.00043904	2.480575e-5
0.0004392	2.58215e-5
0.00043936	2.830738e-5
0.00043952	3.030253e-5
0.00043968	3.199422e-5
0.00043984	3.35558e-5
0.00044	3.536633e-5
0.00044016	3.544595e-5
0.00044032	3.787762e-5
0.00044048	4.003944e-5
0.00044064	4.152371e-5
0.0004408	4.204491e-5
0.00044096	4.262933e-5
0.00044112	4.225173e-5
0.00044128	4.249419e-5
0.00044144	4.040509e-5
0.0004416	4.240061e-5
0.00044176	4.332486e-5
0.00044192	4.070837e-5
0.00044208	4.143814e-5
0.00044224	4.074322e-5
0.0004424	4.141239e-5
0.00044256	4.248017e-5
0.00044272	4.326586e-5
0.00044288	4.261726e-5
0.00044304	4.215436e-5
0.0004432	4.018871e-5
0.00044336	3.882521e-5
0.00044352	3.871007e-5
0.00044368	3.924484e-5
0.00044384	3.979161e-5
0.000444	3.872188e-5
0.00044416	3.703882e-5
0.00044432	3.683801e-5
0.00044448	3.539435e-5
0.00044464	3.297991e-5
0.0004448	3.374614e-5
0.00044496	3.383507e-5
0.00044512	3.196716e-5
0.00044528	2.93715e-5
0.00044544	2.481629e-5
0.0004456	2.41637e-5
0.00044576	2.211379e-5
0.00044592	2.044494e-5
0.00044608	1.588599e-5
0.00044624	1.431797e-5
0.0004464	1.226834e-5
0.00044656	1.072328e-5
0.00044672	9.275428e-6
0.00044688	8.945826e-6
0.00044704	7.517457e-6
0.0004472	7.555267e-6
0.00044736	5.635152e-6
0.00044752	3.847907e-6
0.00044768	3.748118e-6
0.00044784	5.448281e-7
0.000448	5.673982e-7
0.00044816	5.573054e-7
0.00044832	-4.183894e-8
0.00044848	-1.116406e-6
0.00044864	-2.374261e-6
0.0004488	-1.929841e-6
0.00044896	-4.383096e-6
0.00044912	-5.226101e-6
0.00044928	-6.701075e-6
0.00044944	-6.622332e-6
0.0004496	-6.754542e-6
0.00044976	-6.403358e-6
0.00044992	-5.451841e-6
0.00045008	-4.03614e-6
0.00045024	-5.180013e-7
0.0004504	1.745037e-6
0.00045056	1.72749e-6
0.00045072	3.265523e-6
0.00045088	6.13129e-6
0.00045104	9.824301e-6
0.0004512	1.343431e-5
0.00045136	1.429237e-5
0.00045152	1.582554e-5
0.00045168	1.806635e-5
0.00045184	2.27419e-5
0.000452	2.697675e-5
0.00045216	3.064267e-5
0.00045232	3.377195e-5
0.00045248	3.632833e-5
0.00045264	3.9338e-5
0.0004528	4.231709e-5
0.00045296	4.491053e-5
0.00045312	4.929058e-5
0.00045328	5.219071e-5
0.00045344	5.701636e-5
0.0004536	5.975364e-5
0.00045376	6.249095e-5
0.00045392	6.663353e-5
0.00045408	7.067886e-5
0.00045424	7.311421e-5
0.0004544	7.674292e-5
0.00045456	8.039012e-5
0.00045472	8.507274e-5
0.00045488	8.890244e-5
0.00045504	9.343386e-5
0.0004552	9.807276e-5
0.00045536	0.0001011578
0.00045552	0.0001044524
0.00045568	0.0001078874
0.00045584	0.0001126155
0.000456	0.0001185297
0.00045616	0.0001209279
0.00045632	0.0001245094
0.00045648	0.0001257732
0.00045664	0.0001292185
0.0004568	0.0001326839
0.00045696	0.0001376768
0.00045712	0.0001427802
0.00045728	0.0001423953
0.00045744	0.0001438051
0.0004576	0.0001452552
0.00045776	0.0001475779
0.00045792	0.0001483867
0.00045808	0.0001521374
0.00045824	0.0001518413
0.0004584	0.0001545539
0.00045856	0.0001565065
0.00045872	0.0001559003
0.00045888	0.0001551979
0.00045904	0.0001568188
0.0004592	0.0001551684
0.00045936	0.0001539124
0.00045952	0.000153802
0.00045968	0.0001523882
0.00045984	0.0001512367
0.00046	0.0001493352
0.00046016	0.0001459573
0.00046032	0.0001447097
0.00046048	0.0001423722
0.00046064	0.0001393698
0.0004608	0.0001349553
0.00046096	0.0001305058
0.00046112	0.0001272624
0.00046128	0.0001248003
0.00046144	0.0001219387
0.0004616	0.0001180779
0.00046176	0.0001152532
0.00046192	0.0001110446
0.00046208	0.0001064913
0.00046224	0.0001025918
0.0004624	0.0001005776
0.00046256	9.75869e-5
0.00046272	9.24562e-5
0.00046288	8.849073e-5
0.00046304	8.398735e-5
0.0004632	8.110172e-5
0.00046336	7.511648e-5
0.00046352	6.989566e-5
0.00046368	6.482304e-5
0.00046384	5.880069e-5
0.000464	5.386408e-5
0.00046416	4.883736e-5
0.00046432	4.370013e-5
0.00046448	3.748061e-5
0.00046464	3.237002e-5
0.0004648	2.950256e-5
0.00046496	2.585955e-5
0.00046512	2.099803e-5
0.00046528	1.607513e-5
0.00046544	1.086126e-5
0.0004656	6.139059e-6
0.00046576	2.586092e-6
0.00046592	-1.303341e-6
0.00046608	-5.294305e-6
0.00046624	-8.648558e-6
0.0004664	-1.016585e-5
0.00046656	-1.187691e-5
0.00046672	-1.473208e-5
0.00046688	-1.815976e-5
0.00046704	-1.988855e-5
0.0004672	-1.942178e-5
0.00046736	-2.410289e-5
0.00046752	-2.764365e-5
0.00046768	-3.046373e-5
0.00046784	-3.189315e-5
0.000468	-2.939436e-5
0.00046816	-2.9982e-5
0.00046832	-2.75223e-5
0.00046848	-2.617737e-5
0.00046864	-2.49099e-5
0.0004688	-2.548123e-5
0.00046896	-2.464187e-5
0.00046912	-2.569383e-5
0.00046928	-2.526601e-5
0.00046944	-2.463392e-5
0.0004696	-2.305342e-5
0.00046976	-2.171431e-5
0.00046992	-2.204562e-5
0.00047008	-2.158631e-5
0.00047024	-2.082327e-5
0.0004704	-2.191284e-5
0.00047056	-2.058033e-5
0.00047072	-2.052573e-5
0.00047088	-2.138123e-5
0.00047104	-1.9879e-5
0.0004712	-1.915527e-5
0.00047136	-1.589769e-5
0.00047152	-1.462131e-5
0.00047168	-1.193795e-5
0.00047184	-9.067769e-6
0.000472	-5.70431e-6
0.00047216	-3.853341e-6
0.00047232	7.140198e-7
0.00047248	3.153272e-6
0.00047264	3.776109e-6
0.0004728	4.912074e-6
0.00047296	6.691759e-6
0.00047312	7.320696e-6
0.00047328	1.238027e-5
0.00047344	1.556775e-5
0.0004736	1.79494e-5
0.00047376	1.84995e-5
0.00047392	1.661696e-5
0.00047408	1.476972e-5
0.00047424	1.434122e-5
0.0004744	1.290114e-5
0.00047456	1.341793e-5
0.00047472	9.968358e-6
0.00047488	9.762133e-6
0.00047504	6.74185e-6
0.0004752	5.701562e-6
0.00047536	6.44731e-6
0.00047552	3.616847e-6
0.00047568	1.457093e-6
0.00047584	-9.936615e-7
0.000476	-6.933811e-7
0.00047616	-6.800343e-8
0.00047632	-1.073935e-6
0.00047648	-2.307445e-6
0.00047664	-4.066034e-6
0.0004768	-3.16982e-6
0.00047696	-3.791508e-6
0.00047712	-4.013785e-6
0.00047728	-6.688794e-6
0.00047744	-9.014703e-6
0.0004776	-1.135866e-5
0.00047776	-1.245047e-5
0.00047792	-1.396979e-5
0.00047808	-1.737797e-5
0.00047824	-2.019022e-5
0.0004784	-2.207826e-5
0.00047856	-2.074344e-5
0.00047872	-2.138611e-5
0.00047888	-2.384972e-5
0.00047904	-2.612905e-5
0.0004792	-2.939555e-5
0.00047936	-3.06305e-5
0.00047952	-3.334238e-5
0.00047968	-3.582191e-5
0.00047984	-3.78216e-5
0.00048	-3.915923e-5
0.00048016	-4.330556e-5
0.00048032	-4.557723e-5
0.00048048	-5.093867e-5
0.00048064	-5.396162e-5
0.0004808	-5.757047e-5
0.00048096	-5.884876e-5
0.00048112	-6.111311e-5
0.00048128	-6.226961e-5
0.00048144	-6.336297e-5
0.0004816	-6.621364e-5
0.00048176	-6.90702e-5
0.00048192	-6.961371e-5
0.00048208	-6.988251e-5
0.00048224	-7.155762e-5
0.0004824	-7.20844e-5
0.00048256	-7.250835e-5
0.00048272	-7.29973e-5
0.00048288	-7.519852e-5
0.00048304	-7.5424e-5
0.0004832	-7.652625e-5
0.00048336	-7.547345e-5
0.00048352	-7.569113e-5
0.00048368	-7.720928e-5
0.00048384	-7.618288e-5
0.000484	-7.619556e-5
0.00048416	-7.720526e-5
0.00048432	-7.652416e-5
0.00048448	-7.783857e-5
0.00048464	-7.761399e-5
0.0004848	-7.731664e-5
0.00048496	-7.819165e-5
0.00048512	-7.756594e-5
0.00048528	-7.882412e-5
0.00048544	-7.851984e-5
0.0004856	-7.872975e-5
0.00048576	-7.852016e-5
0.00048592	-7.968058e-5
0.00048608	-8.001529e-5
0.00048624	-8.091029e-5
0.0004864	-7.76274e-5
0.00048656	-7.524353e-5
0.00048672	-7.125536e-5
0.00048688	-6.68814e-5
0.00048704	-6.223145e-5
0.0004872	-6.076197e-5
0.00048736	-6.000736e-5
0.00048752	-5.56238e-5
0.00048768	-5.260899e-5
0.00048784	-4.774141e-5
0.000488	-4.276889e-5
0.00048816	-4.195691e-5
0.00048832	-3.934668e-5
0.00048848	-3.587292e-5
0.00048864	-3.079245e-5
0.0004888	-2.66268e-5
0.00048896	-2.225693e-5
0.00048912	-1.786519e-5
0.00048928	-1.497951e-5
0.00048944	-1.224795e-5
0.0004896	-8.896638e-6
0.00048976	-6.271812e-6
0.00048992	-1.856851e-6
0.00049008	1.408545e-6
0.00049024	4.487881e-6
0.0004904	8.213379e-6
0.00049056	1.231802e-5
0.00049072	1.603367e-5
0.00049088	1.878922e-5
0.00049104	2.268136e-5
0.0004912	2.859209e-5
0.00049136	3.123772e-5
0.00049152	3.282972e-5
0.00049168	3.375766e-5
0.00049184	3.422159e-5
0.000492	3.653924e-5
0.00049216	4.077012e-5
0.00049232	4.182891e-5
0.00049248	4.504358e-5
0.00049264	4.651027e-5
0.0004928	4.821767e-5
0.00049296	5.003671e-5
0.00049312	5.302447e-5
0.00049328	5.385493e-5
0.00049344	5.49226e-5
0.0004936	5.744346e-5
0.00049376	5.71583e-5
0.00049392	5.838871e-5
0.00049408	5.92436e-5
0.00049424	5.917939e-5
0.0004944	5.867406e-5
0.00049456	5.680813e-5
0.00049472	5.794439e-5
0.00049488	5.903834e-5
0.00049504	5.768019e-5
0.0004952	5.948674e-5
0.00049536	5.920835e-5
0.00049552	5.813546e-5
0.00049568	5.794345e-5
0.00049584	5.871558e-5
0.000496	5.941011e-5
0.00049616	5.912414e-5
0.00049632	5.943503e-5
0.00049648	5.845724e-5
0.00049664	5.826432e-5
0.0004968	5.817515e-5
0.00049696	5.638158e-5
0.00049712	5.584494e-5
0.00049728	5.456876e-5
0.00049744	5.279706e-5
0.0004976	5.089336e-5
0.00049776	5.185819e-5
0.00049792	5.022129e-5
0.00049808	4.982557e-5
0.00049824	4.747774e-5
0.0004984	4.567565e-5
0.00049856	4.385438e-5
0.00049872	4.113966e-5
0.00049888	4.059614e-5
0.00049904	3.868586e-5
0.0004992	3.698494e-5
0.00049936	3.345757e-5
0.00049952	3.181253e-5
0.00049968	2.986549e-5
0.00049984	2.803223e-5
0.0005	2.588066e-5
0.00050016	2.289692e-5
0.00050032	2.210932e-5
0.00050048	2.25528e-5
0.00050064	2.281572e-5
0.0005008	2.211994e-5
0.00050096	2.186231e-5
0.00050112	1.91373e-5
0.00050128	1.712258e-5
0.00050144	1.667284e-5
0.0005016	1.63485e-5
0.00050176	1.68359e-5
0.00050192	1.757339e-5
0.00050208	1.513746e-5
0.00050224	1.507615e-5
0.0005024	1.257323e-5
0.00050256	1.066899e-5
0.00050272	1.034624e-5
0.00050288	1.026243e-5
0.00050304	7.698114e-6
0.0005032	6.619719e-6
0.00050336	7.474519e-6
0.00050352	5.48213e-6
0.00050368	7.363994e-6
0.00050384	5.686188e-6
0.000504	5.198075e-6
0.00050416	4.028582e-6
0.00050432	8.795037e-7
0.00050448	-7.988259e-7
0.00050464	-2.864294e-6
0.0005048	-1.631636e-6
0.00050496	-6.208572e-7
0.00050512	4.122808e-7
0.00050528	4.412847e-7
0.00050544	-2.091282e-7
0.0005056	-1.07535e-6
0.00050576	-1.321285e-7
0.00050592	-9.187972e-7
0.00050608	-2.819923e-6
0.00050624	-4.692737e-6
0.0005064	-3.385199e-6
0.00050656	-3.063737e-6
0.00050672	-5.682342e-6
0.00050688	-6.862938e-6
0.00050704	-8.23259e-6
0.0005072	-5.230204e-6
0.00050736	-6.032022e-6
0.00050752	-9.353501e-6
0.00050768	-8.940469e-6
0.00050784	-9.002823e-6
0.000508	-1.060671e-5
0.00050816	-1.358235e-5
0.00050832	-1.562512e-5
0.00050848	-1.775289e-5
0.00050864	-1.881912e-5
0.0005088	-2.058438e-5
0.00050896	-2.37587e-5
0.00050912	-2.289971e-5
0.00050928	-2.302179e-5
0.00050944	-2.546608e-5
0.0005096	-2.549943e-5
0.00050976	-2.359518e-5
0.00050992	-2.357149e-5
0.00051008	-2.378997e-5
0.00051024	-2.413795e-5
0.0005104	-2.462841e-5
0.00051056	-2.558917e-5
0.00051072	-2.72985e-5
0.00051088	-2.646269e-5
0.00051104	-2.85814e-5
0.0005112	-3.0198e-5
0.00051136	-2.866576e-5
0.00051152	-3.01792e-5
0.00051168	-3.22398e-5
0.00051184	-3.40374e-5
0.000512	-3.635673e-5
0.00051216	-3.871537e-5
0.00051232	-4.119378e-5
0.00051248	-4.284485e-5
0.00051264	-4.508764e-5
0.0005128	-4.573413e-5
0.00051296	-4.626584e-5
0.00051312	-4.971805e-5
0.00051328	-5.083124e-5
0.00051344	-5.472254e-5
0.0005136	-5.539064e-5
0.00051376	-5.710451e-5
0.00051392	-5.712206e-5
0.00051408	-5.78415e-5
0.00051424	-5.918827e-5
0.0005144	-6.093311e-5
0.00051456	-6.175728e-5
0.00051472	-6.25338e-5
0.00051488	-6.347786e-5
0.00051504	-6.335546e-5
0.0005152	-6.31875e-5
0.00051536	-6.380529e-5
0.00051552	-6.474012e-5
0.00051568	-6.342531e-5
0.00051584	-6.230616e-5
0.000516	-6.078449e-5
0.00051616	-6.223097e-5
0.00051632	-6.283079e-5
0.00051648	-6.400912e-5
0.00051664	-6.38715e-5
0.0005168	-6.498498e-5
0.00051696	-6.674285e-5
0.00051712	-6.722751e-5
0.00051728	-6.760894e-5
0.00051744	-6.835832e-5
0.0005176	-6.961946e-5
0.00051776	-7.092806e-5
0.00051792	-7.135182e-5
0.00051808	-6.960468e-5
0.00051824	-6.846842e-5
0.0005184	-6.968202e-5
0.00051856	-7.280367e-5
0.00051872	-7.585443e-5
0.00051888	-7.551703e-5
0.00051904	-7.789111e-5
0.0005192	-7.828104e-5
0.00051936	-8.070861e-5
0.00051952	-8.329544e-5
0.00051968	-8.444642e-5
0.00051984	-8.729986e-5
0.00052	-8.876881e-5
0.00052016	-9.001136e-5
0.00052032	-9.101635e-5
0.00052048	-8.881962e-5
0.00052064	-9.070475e-5
0.0005208	-9.485702e-5
0.00052096	-9.74604e-5
0.00052112	-9.925512e-5
0.00052128	-0.0001015357
0.00052144	-0.0001036022
0.0005216	-0.0001045654
0.00052176	-0.0001054086
0.00052192	-0.000107576
0.00052208	-0.0001099533
0.00052224	-0.0001108731
0.0005224	-0.0001132024
0.00052256	-0.0001166063
0.00052272	-0.0001188154
0.00052288	-0.0001219334
0.00052304	-0.0001247526
0.0005232	-0.0001277354
0.00052336	-0.0001303542
0.00052352	-0.0001340889
0.00052368	-0.0001359355
0.00052384	-0.0001374211
0.000524	-0.0001402045
0.00052416	-0.0001424404
0.00052432	-0.0001455373
0.00052448	-0.0001463665
0.00052464	-0.0001468176
0.0005248	-0.0001489293
0.00052496	-0.0001499703
0.00052512	-0.000152174
0.00052528	-0.0001531277
0.00052544	-0.0001538386
0.0005256	-0.0001535505
0.00052576	-0.0001550882
0.00052592	-0.0001566248
0.00052608	-0.0001589677
0.00052624	-0.0001610006
0.0005264	-0.000162736
0.00052656	-0.0001630589
0.00052672	-0.00016258
0.00052688	-0.000162599
0.00052704	-0.0001614403
0.0005272	-0.0001622936
0.00052736	-0.0001616715
0.00052752	-0.0001594904
0.00052768	-0.0001578691
0.00052784	-0.0001576258
0.000528	-0.0001571675
0.00052816	-0.0001579844
0.00052832	-0.000155048
0.00052848	-0.000152454
0.00052864	-0.0001516554
0.0005288	-0.0001503967
0.00052896	-0.0001490695
0.00052912	-0.0001471789
0.00052928	-0.0001421587
0.00052944	-0.0001389805
0.0005296	-0.0001361265
0.00052976	-0.0001355608
0.00052992	-0.0001359849
0.00053008	-0.0001339382
0.00053024	-0.0001296457
0.0005304	-0.0001251458
0.00053056	-0.0001229463
0.00053072	-0.0001205936
0.00053088	-0.0001156637
0.00053104	-0.0001116307
0.0005312	-0.0001104522
0.00053136	-0.0001081607
0.00053152	-0.0001044459
0.00053168	-0.0001010789
0.00053184	-9.774265e-5
0.000532	-9.131049e-5
0.00053216	-8.934073e-5
0.00053232	-8.700717e-5
0.00053248	-8.423515e-5
0.00053264	-8.09191e-5
0.0005328	-7.570054e-5
0.00053296	-7.21877e-5
0.00053312	-6.882109e-5
0.00053328	-6.388066e-5
0.00053344	-6.060044e-5
0.0005336	-5.678176e-5
0.00053376	-5.415855e-5
0.00053392	-5.296431e-5
0.00053408	-5.077427e-5
0.00053424	-4.876146e-5
0.0005344	-4.403786e-5
0.00053456	-3.946218e-5
0.00053472	-3.5247e-5
0.00053488	-3.139039e-5
0.00053504	-2.815975e-5
0.0005352	-2.404549e-5
0.00053536	-2.057042e-5
0.00053552	-1.821145e-5
0.00053568	-1.480703e-5
0.00053584	-1.227303e-5
0.000536	-8.369487e-6
0.00053616	-5.808073e-6
0.00053632	-1.86297e-6
0.00053648	1.023545e-7
0.00053664	2.973985e-6
0.0005368	3.69922e-6
0.00053696	5.360911e-6
0.00053712	7.891158e-6
0.00053728	8.365159e-6
0.00053744	1.54386e-5
0.0005376	1.910432e-5
0.00053776	2.273154e-5
0.00053792	2.727788e-5
0.00053808	3.106146e-5
0.00053824	3.514926e-5
0.0005384	3.934131e-5
0.00053856	4.438077e-5
0.00053872	4.953061e-5
0.00053888	5.424622e-5
0.00053904	5.480078e-5
0.0005392	5.815209e-5
0.00053936	6.466355e-5
0.00053952	7.059632e-5
0.00053968	7.419437e-5
0.00053984	7.739502e-5
0.00054	8.014487e-5
0.00054016	8.434587e-5
0.00054032	8.924458e-5
0.00054048	9.314202e-5
0.00054064	9.697091e-5
0.0005408	0.0001027958
0.00054096	0.0001070574
0.00054112	0.0001088716
0.00054128	0.0001124755
0.00054144	0.000116959
0.0005416	0.0001214904
0.00054176	0.0001255751
0.00054192	0.0001281814
0.00054208	0.0001301386
0.00054224	0.0001336864
0.0005424	0.0001386611
0.00054256	0.0001409402
0.00054272	0.0001463315
0.00054288	0.0001484051
0.00054304	0.0001530548
0.0005432	0.0001564552
0.00054336	0.0001599976
0.00054352	0.0001650812
0.00054368	0.0001673898
0.00054384	0.0001703048
0.000544	0.000174233
0.00054416	0.0001771386
0.00054432	0.0001800051
0.00054448	0.0001852427
0.00054464	0.0001886516
0.0005448	0.0001934521
0.00054496	0.000196685
0.00054512	0.0001991053
0.00054528	0.0002021908
0.00054544	0.0002015135
0.0005456	0.0002029718
0.00054576	0.000203522
0.00054592	0.0002049331
0.00054608	0.0002060343
0.00054624	0.0002071686
0.0005464	0.0002088075
0.00054656	0.0002115644
0.00054672	0.0002121229
0.00054688	0.0002136785
0.00054704	0.0002154857
0.0005472	0.0002157314
0.00054736	0.0002143631
0.00054752	0.0002145392
0.00054768	0.0002151966
0.00054784	0.000214536
0.000548	0.0002119276
0.00054816	0.0002125855
0.00054832	0.0002086439
0.00054848	0.0002056533
0.00054864	0.0002034136
0.0005488	0.0002021799
0.00054896	0.0001988455
0.00054912	0.0001952567
0.00054928	0.0001935755
0.00054944	0.0001905502
0.0005496	0.000187858
0.00054976	0.0001859994
0.00054992	0.0001842671
0.00055008	0.0001821584
0.00055024	0.0001786465
0.0005504	0.0001725067
0.00055056	0.0001686159
0.00055072	0.0001654353
0.00055088	0.0001623726
0.00055104	0.0001569944
0.0005512	0.0001520496
0.00055136	0.0001480079
0.00055152	0.0001437968
0.00055168	0.000140829
0.00055184	0.0001370083
0.000552	0.0001312698
0.00055216	0.000123288
0.00055232	0.0001173184
0.00055248	0.0001116142
0.00055264	0.0001062336
0.0005528	0.0001013459
0.00055296	9.751193e-5
0.00055312	9.194695e-5
0.00055328	8.682068e-5
0.00055344	8.136622e-5
0.0005536	7.58114e-5
0.00055376	6.796005e-5
0.00055392	6.353579e-5
0.00055408	5.775091e-5
0.00055424	5.112268e-5
0.0005544	4.138194e-5
0.00055456	3.428364e-5
0.00055472	3.06083e-5
0.00055488	2.480832e-5
0.00055504	1.858639e-5
0.0005552	1.422506e-5
0.00055536	8.548149e-6
0.00055552	1.821027e-6
0.00055568	-5.177355e-6
0.00055584	-1.015289e-5
0.000556	-1.548809e-5
0.00055616	-1.948237e-5
0.00055632	-2.295039e-5
0.00055648	-2.608293e-5
0.00055664	-2.857817e-5
0.0005568	-3.174111e-5
0.00055696	-3.519418e-5
0.00055712	-3.905353e-5
0.00055728	-4.297624e-5
0.00055744	-4.481088e-5
0.0005576	-4.70654e-5
0.00055776	-4.931772e-5
0.00055792	-5.040722e-5
0.00055808	-5.11764e-5
0.00055824	-5.308996e-5
0.0005584	-5.514501e-5
0.00055856	-5.826333e-5
0.00055872	-6.073757e-5
0.00055888	-6.287645e-5
0.00055904	-6.45017e-5
0.0005592	-6.523461e-5
0.00055936	-6.540463e-5
0.00055952	-6.526914e-5
0.00055968	-6.495522e-5
0.00055984	-6.732304e-5
0.00056	-6.726895e-5
0.00056016	-6.914939e-5
0.00056032	-6.901777e-5
0.00056048	-6.948916e-5
0.00056064	-6.581678e-5
0.0005608	-6.430972e-5
0.00056096	-6.052855e-5
0.00056112	-5.910966e-5
0.00056128	-5.804653e-5
0.00056144	-5.790571e-5
0.0005616	-5.647548e-5
0.00056176	-5.392368e-5
0.00056192	-5.351935e-5
0.00056208	-5.223986e-5
0.00056224	-5.110871e-5
0.0005624	-4.921756e-5
0.00056256	-4.919832e-5
0.00056272	-4.951655e-5
0.00056288	-4.820384e-5
0.00056304	-4.684037e-5
0.0005632	-4.478768e-5
0.00056336	-4.440946e-5
0.00056352	-4.435764e-5
0.00056368	-4.171126e-5
0.00056384	-3.997428e-5
0.000564	-3.947889e-5
0.00056416	-3.789712e-5
0.00056432	-3.46294e-5
0.00056448	-3.384535e-5
0.00056464	-3.357281e-5
0.0005648	-3.43265e-5
0.00056496	-3.322512e-5
0.00056512	-3.18989e-5
0.00056528	-3.026271e-5
0.00056544	-2.943742e-5
0.0005656	-2.528662e-5
0.00056576	-2.377314e-5
0.00056592	-2.2021e-5
0.00056608	-1.892151e-5
0.00056624	-1.703965e-5
0.0005664	-1.563277e-5
0.00056656	-1.650597e-5
0.00056672	-1.534444e-5
0.00056688	-1.317645e-5
0.00056704	-1.099711e-5
0.0005672	-9.378691e-6
0.00056736	-8.142813e-6
0.00056752	-5.657872e-6
0.00056768	-2.710124e-6
0.00056784	-7.037094e-7
0.000568	5.030645e-7
0.00056816	-3.567443e-7
0.00056832	2.698503e-6
0.00056848	5.388209e-6
0.00056864	8.342689e-6
0.0005688	1.043545e-5
0.00056896	1.283801e-5
0.00056912	1.766983e-5
0.00056928	1.952345e-5
0.00056944	1.97993e-5
0.0005696	2.366679e-5
0.00056976	2.844659e-5
0.00056992	2.979196e-5
0.00057008	3.158414e-5
0.00057024	3.273092e-5
0.0005704	3.290962e-5
0.00057056	3.695379e-5
0.00057072	4.090218e-5
0.00057088	4.168706e-5
0.00057104	4.518217e-5
0.0005712	5.136104e-5
0.00057136	5.485299e-5
0.00057152	5.812288e-5
0.00057168	5.850517e-5
0.00057184	6.099384e-5
0.000572	6.197269e-5
0.00057216	6.503874e-5
0.00057232	6.711761e-5
0.00057248	6.935534e-5
0.00057264	7.380242e-5
0.0005728	7.710611e-5
0.00057296	7.805882e-5
0.00057312	8.046381e-5
0.00057328	8.044916e-5
0.00057344	8.230594e-5
0.0005736	8.664525e-5
0.00057376	8.531824e-5
0.00057392	8.427261e-5
0.00057408	8.50521e-5
0.00057424	8.673244e-5
0.0005744	8.791258e-5
0.00057456	8.892083e-5
0.00057472	8.903767e-5
0.00057488	8.997366e-5
0.00057504	9.190725e-5
0.0005752	9.140481e-5
0.00057536	8.918619e-5
0.00057552	8.923507e-5
0.00057568	8.765051e-5
0.00057584	8.70041e-5
0.000576	8.757568e-5
0.00057616	8.759541e-5
0.00057632	8.738654e-5
0.00057648	8.678291e-5
0.00057664	8.391155e-5
0.0005768	8.131276e-5
0.00057696	7.824531e-5
0.00057712	7.754545e-5
0.00057728	7.509857e-5
0.00057744	7.232558e-5
0.0005776	7.205943e-5
0.00057776	7.066819e-5
0.00057792	6.979951e-5
0.00057808	6.877641e-5
0.00057824	6.586607e-5
0.0005784	6.402515e-5
0.00057856	5.959813e-5
0.00057872	5.46585e-5
0.00057888	5.143332e-5
0.00057904	4.823468e-5
0.0005792	4.349648e-5
0.00057936	3.800428e-5
0.00057952	3.419042e-5
0.00057968	3.053198e-5
0.00057984	2.423024e-5
0.00058	2.02477e-5
0.00058016	1.850289e-5
0.00058032	1.369037e-5
0.00058048	7.447815e-6
0.00058064	3.472166e-6
0.0005808	1.746335e-7
0.00058096	-3.330218e-6
0.00058112	-6.874283e-6
0.00058128	-8.631896e-6
0.00058144	-1.305808e-5
0.0005816	-1.887567e-5
0.00058176	-2.195611e-5
0.00058192	-2.665361e-5
0.00058208	-2.913576e-5
0.00058224	-3.392368e-5
0.0005824	-3.810264e-5
0.00058256	-4.17483e-5
0.00058272	-4.351753e-5
0.00058288	-4.581827e-5
0.00058304	-4.601372e-5
0.0005832	-4.86328e-5
0.00058336	-5.044531e-5
0.00058352	-5.228018e-5
0.00058368	-5.597176e-5
0.00058384	-5.947797e-5
0.000584	-6.380928e-5
0.00058416	-6.599209e-5
0.00058432	-6.943224e-5
0.00058448	-7.131824e-5
0.00058464	-7.255674e-5
0.0005848	-7.286855e-5
0.00058496	-7.316678e-5
0.00058512	-7.221811e-5
0.00058528	-7.315788e-5
0.00058544	-7.246514e-5
0.0005856	-7.295788e-5
0.00058576	-7.526435e-5
0.00058592	-7.675929e-5
0.00058608	-7.927024e-5
0.00058624	-7.839116e-5
0.0005864	-7.827347e-5
0.00058656	-7.94044e-5
0.00058672	-7.713023e-5
0.00058688	-7.891091e-5
0.00058704	-8.042213e-5
0.0005872	-8.131321e-5
0.00058736	-8.041513e-5
0.00058752	-8.108132e-5
0.00058768	-7.904331e-5
0.00058784	-7.758509e-5
0.000588	-7.627875e-5
0.00058816	-7.544305e-5
0.00058832	-7.309168e-5
0.00058848	-6.988712e-5
0.00058864	-6.720398e-5
0.0005888	-6.580664e-5
0.00058896	-6.421241e-5
0.00058912	-6.150902e-5
0.00058928	-5.981949e-5
0.00058944	-5.600393e-5
0.0005896	-5.229775e-5
0.00058976	-4.799887e-5
0.00058992	-4.505953e-5
0.00059008	-4.435031e-5
0.00059024	-4.099401e-5
0.0005904	-3.75572e-5
0.00059056	-3.288149e-5
0.00059072	-3.03499e-5
0.00059088	-2.75875e-5
0.00059104	-2.437091e-5
0.0005912	-2.348852e-5
0.00059136	-2.291026e-5
0.00059152	-2.16964e-5
0.00059168	-1.921694e-5
0.00059184	-1.694527e-5
0.000592	-1.396497e-5
0.00059216	-1.1135e-5
0.00059232	-1.04817e-5
0.00059248	-7.769437e-6
0.00059264	-3.531981e-6
0.0005928	-3.104705e-6
0.00059296	-4.075393e-6
0.00059312	-3.777466e-6
0.00059328	-1.085688e-6
0.00059344	-8.465615e-7
0.0005936	-1.883988e-6
0.00059376	-1.812235e-6
0.00059392	-3.346927e-7
0.00059408	-6.746438e-7
0.00059424	1.87887e-6
0.0005944	1.63402e-6
0.00059456	-1.647322e-9
0.00059472	1.343449e-6
0.00059488	2.604898e-6
0.00059504	2.391901e-6
0.0005952	-4.330188e-7
0.00059536	-2.46059e-6
0.00059552	-1.991665e-6
0.00059568	-2.396574e-6
0.00059584	-4.549296e-6
0.000596	-3.907772e-6
0.00059616	-3.512029e-6
0.00059632	-5.184565e-6
0.00059648	-4.586454e-6
0.00059664	-5.79888e-6
0.0005968	-6.225714e-6
0.00059696	-7.064579e-6
0.00059712	-7.836845e-6
0.00059728	-9.601357e-6
0.00059744	-1.054777e-5
0.0005976	-1.210062e-5
0.00059776	-1.698153e-5
0.00059792	-2.032379e-5
0.00059808	-2.054782e-5
0.00059824	-2.43092e-5
0.0005984	-2.602292e-5
0.00059856	-2.781102e-5
0.00059872	-3.19856e-5
0.00059888	-3.579291e-5
0.00059904	-3.823061e-5
0.0005992	-4.08104e-5
0.00059936	-4.403583e-5
0.00059952	-4.721479e-5
0.00059968	-4.990431e-5
0.00059984	-5.187588e-5
0.0006	-5.558367e-5
0.00060016	-5.981285e-5
0.00060032	-6.423448e-5
0.00060048	-6.823174e-5
0.00060064	-7.152871e-5
0.0006008	-7.411878e-5
0.00060096	-7.579981e-5
0.00060112	-7.684818e-5
0.00060128	-8.01845e-5
0.00060144	-8.150259e-5
0.0006016	-8.270673e-5
0.00060176	-8.297279e-5
0.00060192	-8.655454e-5
0.00060208	-8.789567e-5
0.00060224	-8.989767e-5
0.0006024	-9.140727e-5
0.00060256	-9.283073e-5
0.00060272	-9.298693e-5
0.00060288	-9.60441e-5
0.00060304	-9.957715e-5
0.0006032	-9.990638e-5
0.00060336	-9.894419e-5
0.00060352	-0.0001013675
0.00060368	-0.0001039193
0.00060384	-0.0001062192
0.000604	-0.0001048964
0.00060416	-0.0001069941
0.00060432	-0.0001096834
0.00060448	-0.0001100499
0.00060464	-0.000109405
0.0006048	-0.0001085356
0.00060496	-0.0001083532
0.00060512	-0.0001071719
0.00060528	-0.000107764
0.00060544	-0.0001084572
0.0006056	-0.0001091646
0.00060576	-0.0001095718
0.00060592	-0.0001099416
0.00060608	-0.0001090288
0.00060624	-0.0001084331
0.0006064	-0.000104957
0.00060656	-0.0001027513
0.00060672	-0.0001018708
0.00060688	-9.864955e-5
0.00060704	-9.681076e-5
0.0006072	-9.44995e-5
0.00060736	-9.430357e-5
0.00060752	-9.165817e-5
0.00060768	-8.699225e-5
0.00060784	-8.318375e-5
0.000608	-8.057735e-5
0.00060816	-7.670231e-5
0.00060832	-7.094056e-5
0.00060848	-6.84112e-5
0.00060864	-6.359946e-5
0.0006088	-5.746936e-5
0.00060896	-5.613323e-5
0.00060912	-5.167995e-5
0.00060928	-4.557914e-5
0.00060944	-3.99184e-5
0.0006096	-3.570601e-5
0.00060976	-2.909689e-5
0.00060992	-2.282255e-5
0.00061008	-1.856429e-5
0.00061024	-1.586856e-5
0.0006104	-1.072069e-5
0.00061056	-5.860779e-6
0.00061072	-5.802148e-7
0.00061088	5.405901e-6
0.00061104	1.004402e-5
0.0006112	1.454634e-5
0.00061136	2.119402e-5
0.00061152	2.570527e-5
0.00061168	3.039764e-5
0.00061184	3.429334e-5
0.000612	3.662438e-5
0.00061216	4.038716e-5
0.00061232	4.285199e-5
0.00061248	4.620398e-5
0.00061264	4.953854e-5
0.0006128	5.422366e-5
0.00061296	5.832174e-5
0.00061312	6.054142e-5
0.00061328	6.483501e-5
0.00061344	6.846607e-5
0.0006136	7.367505e-5
0.00061376	7.402967e-5
0.00061392	7.520351e-5
0.00061408	7.683955e-5
0.00061424	7.890404e-5
0.0006144	8.084232e-5
0.00061456	8.253974e-5
0.00061472	8.434719e-5
0.00061488	8.649193e-5
0.00061504	8.70443e-5
0.0006152	8.891941e-5
0.00061536	9.06753e-5
0.00061552	9.155239e-5
0.00061568	9.187066e-5
0.00061584	9.279748e-5
0.000616	9.402305e-5
0.00061616	9.388701e-5
0.00061632	9.270469e-5
0.00061648	9.082347e-5
0.00061664	9.343658e-5
0.0006168	9.210124e-5
0.00061696	9.057909e-5
0.00061712	8.858714e-5
0.00061728	8.710851e-5
0.00061744	8.178304e-5
0.0006176	7.900011e-5
0.00061776	7.890863e-5
0.00061792	7.749198e-5
0.00061808	7.177825e-5
0.00061824	6.911342e-5
0.0006184	6.555998e-5
0.00061856	6.110744e-5
0.00061872	5.915532e-5
0.00061888	5.712388e-5
0.00061904	5.370874e-5
0.0006192	4.899895e-5
0.00061936	4.323394e-5
0.00061952	4.093541e-5
0.00061968	3.855062e-5
0.00061984	3.609237e-5
0.00062	3.288787e-5
0.00062016	2.904145e-5
0.00062032	2.510574e-5
0.00062048	1.743506e-5
0.00062064	1.460202e-5
0.0006208	1.181832e-5
0.00062096	7.65773e-6
0.00062112	4.326178e-6
0.00062128	2.548956e-6
0.00062144	-5.189876e-7
0.0006216	-3.117885e-6
0.00062176	-7.053238e-6
0.00062192	-1.125692e-5
0.00062208	-1.396457e-5
0.00062224	-1.436747e-5
0.0006224	-1.722851e-5
0.00062256	-1.837659e-5
0.00062272	-2.055451e-5
0.00062288	-2.077307e-5
0.00062304	-2.140633e-5
0.0006232	-2.383189e-5
0.00062336	-2.586203e-5
0.00062352	-2.773361e-5
0.00062368	-2.940379e-5
0.00062384	-2.904165e-5
0.000624	-2.775738e-5
0.00062416	-2.937118e-5
0.00062432	-2.877352e-5
0.00062448	-2.880606e-5
0.00062464	-2.893364e-5
0.0006248	-2.860877e-5
0.00062496	-3.045032e-5
0.00062512	-2.969411e-5
0.00062528	-2.938075e-5
0.00062544	-2.948329e-5
0.0006256	-2.919198e-5
0.00062576	-2.887745e-5
0.00062592	-2.778117e-5
0.00062608	-2.720188e-5
0.00062624	-2.524561e-5
0.0006264	-2.132433e-5
0.00062656	-1.924548e-5
0.00062672	-1.625695e-5
0.00062688	-1.45392e-5
0.00062704	-1.387136e-5
0.0006272	-1.03733e-5
0.00062736	-8.712874e-6
0.00062752	-3.615457e-6
0.00062768	-7.543312e-7
0.00062784	1.448736e-6
0.000628	5.016256e-6
0.00062816	7.461632e-6
0.00062832	1.054021e-5
0.00062848	1.440984e-5
0.00062864	1.942196e-5
0.0006288	2.203984e-5
0.00062896	2.461618e-5
0.00062912	2.971123e-5
0.00062928	3.452503e-5
0.00062944	3.93665e-5
0.0006296	4.171263e-5
0.00062976	4.37576e-5
0.00062992	4.723953e-5
0.00063008	4.944624e-5
0.00063024	5.184205e-5
0.0006304	5.461067e-5
0.00063056	5.775099e-5
0.00063072	5.914306e-5
0.00063088	6.00922e-5
0.00063104	6.078979e-5
0.0006312	6.551584e-5
0.00063136	6.547692e-5
0.00063152	6.842961e-5
0.00063168	6.853391e-5
0.00063184	6.874104e-5
0.000632	6.851459e-5
0.00063216	7.009547e-5
0.00063232	7.222939e-5
0.00063248	7.162498e-5
0.00063264	7.247217e-5
0.0006328	7.108199e-5
0.00063296	7.188041e-5
0.00063312	7.198027e-5
0.00063328	7.153058e-5
0.00063344	7.027668e-5
0.0006336	7.036611e-5
0.00063376	6.872612e-5
0.00063392	7.060211e-5
0.00063408	7.058729e-5
0.00063424	7.15462e-5
0.0006344	6.904454e-5
0.00063456	6.858523e-5
0.00063472	6.725996e-5
0.00063488	6.554383e-5
0.00063504	6.402612e-5
0.0006352	6.118687e-5
0.00063536	5.7498e-5
0.00063552	5.438283e-5
0.00063568	5.312105e-5
0.00063584	5.050428e-5
0.000636	5.045053e-5
0.00063616	4.784769e-5
0.00063632	4.564964e-5
0.00063648	4.55684e-5
0.00063664	4.279656e-5
0.0006368	3.902116e-5
0.00063696	3.82357e-5
0.00063712	3.6428e-5
0.00063728	3.461704e-5
0.00063744	3.372374e-5
0.0006376	3.142207e-5
0.00063776	2.919726e-5
0.00063792	2.732162e-5
0.00063808	2.457548e-5
0.00063824	2.331224e-5
0.0006384	2.235141e-5
0.00063856	2.054373e-5
0.00063872	1.534413e-5
0.00063888	1.192699e-5
0.00063904	1.098415e-5
0.0006392	9.46434e-6
0.00063936	7.069327e-6
0.00063952	3.204206e-6
0.00063968	-9.748699e-7
0.00063984	-6.041415e-6
0.00064	-9.56566e-6
0.00064016	-1.180307e-5
0.00064032	-1.099679e-5
0.00064048	-1.320304e-5
0.00064064	-1.684066e-5
0.0006408	-1.985981e-5
0.00064096	-2.249734e-5
0.00064112	-2.128422e-5
0.00064128	-2.596134e-5
0.00064144	-2.641739e-5
0.0006416	-2.791792e-5
0.00064176	-3.113097e-5
0.00064192	-3.356925e-5
0.00064208	-3.54072e-5
0.00064224	-3.678866e-5
0.0006424	-3.93177e-5
0.00064256	-4.058872e-5
0.00064272	-4.103267e-5
0.00064288	-4.362231e-5
0.00064304	-4.649296e-5
0.0006432	-4.92513e-5
0.00064336	-5.193262e-5
0.00064352	-5.270415e-5
0.00064368	-5.256962e-5
0.00064384	-5.197725e-5
0.000644	-5.254232e-5
0.00064416	-5.336201e-5
0.00064432	-5.509386e-5
0.00064448	-5.612917e-5
0.00064464	-5.801968e-5
0.0006448	-5.772241e-5
0.00064496	-5.616942e-5
0.00064512	-5.569915e-5
0.00064528	-5.55014e-5
0.00064544	-5.694445e-5
0.0006456	-5.604576e-5
0.00064576	-5.565562e-5
0.00064592	-5.591743e-5
0.00064608	-5.443599e-5
0.00064624	-5.229824e-5
0.0006464	-5.118259e-5
0.00064656	-4.952108e-5
0.00064672	-4.681579e-5
0.00064688	-4.488118e-5
0.00064704	-4.352621e-5
0.0006472	-4.119897e-5
0.00064736	-4.034278e-5
0.00064752	-3.918542e-5
0.00064768	-3.719449e-5
0.00064784	-3.504557e-5
0.000648	-3.281832e-5
0.00064816	-3.055644e-5
0.00064832	-2.808956e-5
0.00064848	-2.671088e-5
0.00064864	-2.382542e-5
0.0006488	-1.942176e-5
0.00064896	-1.637427e-5
0.00064912	-1.391022e-5
0.00064928	-1.190614e-5
0.00064944	-9.819731e-6
0.0006496	-7.865705e-6
0.00064976	-5.083973e-6
0.00064992	-2.29274e-6
0.00065008	1.199899e-7
0.00065024	2.795765e-6
0.0006504	4.835903e-6
0.00065056	6.714241e-6
0.00065072	9.773345e-6
0.00065088	1.194038e-5
0.00065104	1.433141e-5
0.0006512	1.681928e-5
0.00065136	1.956456e-5
0.00065152	2.147823e-5
0.00065168	2.189174e-5
0.00065184	2.456665e-5
0.000652	2.662311e-5
0.00065216	2.863352e-5
0.00065232	2.981285e-5
0.00065248	3.069039e-5
0.00065264	3.041153e-5
0.0006528	3.032989e-5
0.00065296	3.196974e-5
0.00065312	3.210806e-5
0.00065328	3.182922e-5
0.00065344	3.12086e-5
0.0006536	3.236891e-5
0.00065376	3.495497e-5
0.00065392	3.540431e-5
0.00065408	3.637825e-5
0.00065424	3.776766e-5
0.0006544	3.927663e-5
0.00065456	4.141523e-5
0.00065472	4.256907e-5
0.00065488	4.43573e-5
0.00065504	4.329119e-5
0.0006552	4.412199e-5
0.00065536	4.377474e-5
0.00065552	4.422157e-5
0.00065568	4.642417e-5
0.00065584	4.370353e-5
0.000656	4.167092e-5
0.00065616	4.089963e-5
0.00065632	4.077609e-5
0.00065648	4.041578e-5
0.00065664	4.072567e-5
0.0006568	4.274752e-5
0.00065696	4.331122e-5
0.00065712	4.311044e-5
0.00065728	4.439556e-5
0.00065744	4.61356e-5
0.0006576	4.80156e-5
0.00065776	4.73655e-5
0.00065792	4.899664e-5
0.00065808	4.850403e-5
0.00065824	4.943859e-5
0.0006584	4.814963e-5
0.00065856	4.642644e-5
0.00065872	4.701166e-5
0.00065888	4.844207e-5
0.00065904	4.897564e-5
0.0006592	4.95051e-5
0.00065936	4.726484e-5
0.00065952	4.625584e-5
0.00065968	4.389213e-5
0.00065984	4.333107e-5
0.00066	4.204726e-5
0.00066016	4.169426e-5
0.00066032	4.025486e-5
0.00066048	3.793493e-5
0.00066064	3.569548e-5
0.0006608	3.459585e-5
0.00066096	3.287104e-5
0.00066112	3.093373e-5
0.00066128	2.866016e-5
0.00066144	2.789022e-5
0.0006616	2.470894e-5
0.00066176	2.049603e-5
0.00066192	2.045661e-5
0.00066208	1.883493e-5
0.00066224	1.757735e-5
0.0006624	1.698901e-5
0.00066256	1.542549e-5
0.00066272	1.431725e-5
0.00066288	1.121e-5
0.00066304	9.554905e-6
0.0006632	5.214742e-6
0.00066336	2.286095e-6
0.00066352	-9.523791e-7
0.00066368	-4.297992e-6
0.00066384	-7.887364e-6
0.000664	-1.154096e-5
0.00066416	-1.278352e-5
0.00066432	-1.549793e-5
0.00066448	-1.970372e-5
0.00066464	-2.140493e-5
0.0006648	-2.52167e-5
0.00066496	-3.049308e-5
0.00066512	-3.662289e-5
0.00066528	-3.861574e-5
0.00066544	-4.177076e-5
0.0006656	-4.360462e-5
0.00066576	-4.812595e-5
0.00066592	-5.205647e-5
0.00066608	-5.532592e-5
0.00066624	-5.93798e-5
0.0006664	-6.258643e-5
0.00066656	-6.71028e-5
0.00066672	-6.938529e-5
0.00066688	-7.314437e-5
0.00066704	-7.571263e-5
0.0006672	-7.956823e-5
0.00066736	-8.402035e-5
0.00066752	-8.863801e-5
0.00066768	-9.296189e-5
0.00066784	-9.440829e-5
0.000668	-9.575002e-5
0.00066816	-9.847747e-5
0.00066832	-0.000100225
0.00066848	-0.0001037773
0.00066864	-0.0001065811
0.0006688	-0.0001086101
0.00066896	-0.0001109239
0.00066912	-0.0001139354
0.00066928	-0.0001189787
0.00066944	-0.0001213237
0.0006696	-0.0001242386
0.00066976	-0.0001253056
0.00066992	-0.0001271295
0.00067008	-0.0001265946
0.00067024	-0.0001276729
0.0006704	-0.0001276263
0.00067056	-0.0001300037
0.00067072	-0.0001301654
0.00067088	-0.0001316763
0.00067104	-0.0001311587
0.0006712	-0.000130953
0.00067136	-0.0001338687
0.00067152	-0.0001352531
0.00067168	-0.0001354332
0.00067184	-0.0001343247
0.000672	-0.0001346491
0.00067216	-0.0001349094
0.00067232	-0.0001358826
0.00067248	-0.000135513
0.00067264	-0.0001345788
0.0006728	-0.0001348956
0.00067296	-0.0001356309
0.00067312	-0.0001366192
0.00067328	-0.0001391616
0.00067344	-0.0001397762
0.0006736	-0.0001408377
0.00067376	-0.0001407086
0.00067392	-0.0001394976
0.00067408	-0.0001386739
0.00067424	-0.0001369511
0.0006744	-0.0001336676
0.00067456	-0.0001315266
0.00067472	-0.0001279256
0.00067488	-0.0001250799
0.00067504	-0.0001215733
0.0006752	-0.0001193807
0.00067536	-0.0001186345
0.00067552	-0.0001148976
0.00067568	-0.0001128427
0.00067584	-0.0001114665
0.000676	-0.0001087507
0.00067616	-0.0001054435
0.00067632	-0.0001020082
0.00067648	-9.931921e-5
0.00067664	-9.365106e-5
0.0006768	-9.157807e-5
0.00067696	-8.854046e-5
0.00067712	-8.46918e-5
0.00067728	-7.911661e-5
0.00067744	-7.277459e-5
0.0006776	-6.945758e-5
0.00067776	-6.447997e-5
0.00067792	-6.027264e-5
0.00067808	-5.728345e-5
0.00067824	-5.342937e-5
0.0006784	-4.842833e-5
0.00067856	-4.159854e-5
0.00067872	-3.545526e-5
0.00067888	-2.887545e-5
0.00067904	-2.393046e-5
0.0006792	-2.099249e-5
0.00067936	-1.756987e-5
0.00067952	-1.25576e-5
0.00067968	-8.321907e-6
0.00067984	-3.870226e-6
0.00068	-2.984571e-7
0.00068016	5.068816e-6
0.00068032	1.037676e-5
0.00068048	1.344212e-5
0.00068064	1.746042e-5
0.0006808	2.299482e-5
0.00068096	2.653486e-5
0.00068112	3.14e-5
0.00068128	3.643949e-5
0.00068144	4.016528e-5
0.0006816	4.23719e-5
0.00068176	4.534911e-5
0.00068192	5.018987e-5
0.00068208	5.295275e-5
0.00068224	5.56118e-5
0.0006824	5.910729e-5
0.00068256	6.307449e-5
0.00068272	6.555743e-5
0.00068288	6.980322e-5
0.00068304	7.337186e-5
0.0006832	7.276694e-5
0.00068336	7.505674e-5
0.00068352	7.57292e-5
0.00068368	7.903918e-5
0.00068384	7.995991e-5
0.000684	8.396323e-5
0.00068416	8.682445e-5
0.00068432	8.858287e-5
0.00068448	9.10574e-5
0.00068464	9.366155e-5
0.0006848	9.630488e-5
0.00068496	9.822623e-5
0.00068512	9.987885e-5
0.00068528	0.0001001672
0.00068544	9.963043e-5
0.0006856	0.0001003186
0.00068576	0.0001016186
0.00068592	0.0001010541
0.00068608	0.0001002987
0.00068624	0.0001027269
0.0006864	0.0001031497
0.00068656	0.0001048972
0.00068672	0.0001075509
0.00068688	0.0001112556
0.00068704	0.0001128292
0.0006872	0.0001135439
0.00068736	0.0001148095
0.00068752	0.0001164911
0.00068768	0.0001179216
0.00068784	0.0001215829
0.000688	0.0001223513
0.00068816	0.0001224957
0.00068832	0.0001239887
0.00068848	0.0001269745
0.00068864	0.0001285068
0.0006888	0.0001309268
0.00068896	0.0001325879
0.00068912	0.0001365084
0.00068928	0.0001372362
0.00068944	0.0001389725
0.0006896	0.0001397831
0.00068976	0.0001386876
0.00068992	0.0001390815
0.00069008	0.0001404971
0.00069024	0.0001392294
0.0006904	0.0001383751
0.00069056	0.0001400573
0.00069072	0.0001403086
0.00069088	0.0001415075
0.00069104	0.000139616
0.0006912	0.0001387428
0.00069136	0.0001384792
0.00069152	0.0001394615
0.00069168	0.0001398873
0.00069184	0.0001404927
0.000692	0.0001396315
0.00069216	0.0001409915
0.00069232	0.0001434177
0.00069248	0.0001439072
0.00069264	0.0001444215
0.0006928	0.0001450357
0.00069296	0.0001483896
0.00069312	0.0001485554
0.00069328	0.0001464985
0.00069344	0.0001459162
0.0006936	0.0001447455
0.00069376	0.0001464135
0.00069392	0.0001466346
0.00069408	0.0001445249
0.00069424	0.0001434492
0.0006944	0.0001415396
0.00069456	0.0001396909
0.00069472	0.0001371357
0.00069488	0.0001372548
0.00069504	0.0001359463
0.0006952	0.0001341176
0.00069536	0.0001311811
0.00069552	0.0001279854
0.00069568	0.000125285
0.00069584	0.0001207788
0.000696	0.0001191562
0.00069616	0.0001181145
0.00069632	0.0001135069
0.00069648	0.0001089679
0.00069664	0.0001051575
0.0006968	0.0001014321
0.00069696	9.801507e-5
0.00069712	9.479744e-5
0.00069728	9.158701e-5
0.00069744	8.78555e-5
0.0006976	8.590857e-5
0.00069776	8.32033e-5
0.00069792	8.102272e-5
0.00069808	7.984742e-5
0.00069824	7.534257e-5
0.0006984	7.118905e-5
0.00069856	6.731656e-5
0.00069872	6.555268e-5
0.00069888	6.367477e-5
0.00069904	6.110454e-5
0.0006992	5.893306e-5
0.00069936	5.704797e-5
0.00069952	5.084127e-5
0.00069968	4.768839e-5
0.00069984	4.497577e-5
0.0007	4.163744e-5
0.00070016	3.671733e-5
0.00070032	3.419333e-5
0.00070048	3.303305e-5
0.00070064	3.094576e-5
0.0007008	2.696059e-5
0.00070096	2.581623e-5
0.00070112	2.249869e-5
0.00070128	2.151945e-5
0.00070144	2.096262e-5
0.0007016	1.962313e-5
0.00070176	1.790508e-5
0.00070192	1.494379e-5
0.00070208	1.410063e-5
0.00070224	1.249336e-5
0.0007024	1.149091e-5
0.00070256	8.655759e-6
0.00070272	9.03989e-6
0.00070288	7.109793e-6
0.00070304	5.5151e-6
0.0007032	3.934339e-6
0.00070336	1.277746e-6
0.00070352	5.623417e-7
0.00070368	1.07416e-6
0.00070384	2.298327e-6
0.000704	-9.921046e-7
0.00070416	-2.279954e-6
0.00070432	-5.447719e-6
0.00070448	-5.986853e-6
0.00070464	-5.488407e-6
0.0007048	-7.796589e-6
0.00070496	-5.740389e-6
0.00070512	-3.614344e-6
0.00070528	-5.910177e-6
0.00070544	-4.511001e-6
0.0007056	-2.957104e-6
0.00070576	-8.629157e-7
0.00070592	-5.594862e-7
0.00070608	-2.317038e-6
0.00070624	-3.371483e-6
0.0007064	-2.011758e-6
0.00070656	-1.385021e-6
0.00070672	-1.709771e-6
0.00070688	-1.599606e-6
0.00070704	-2.72479e-6
0.0007072	-3.286395e-6
0.00070736	-4.715321e-6
0.00070752	-2.723165e-6
0.00070768	-4.011276e-6
0.00070784	-2.787294e-6
0.000708	-5.015516e-6
0.00070816	-5.64266e-6
0.00070832	-6.983364e-6
0.00070848	-8.547975e-6
0.00070864	-9.013855e-6
0.0007088	-9.741032e-6
0.00070896	-1.035817e-5
0.00070912	-1.089853e-5
0.00070928	-1.311933e-5
0.00070944	-1.520888e-5
0.0007096	-1.522041e-5
0.00070976	-1.650273e-5
0.00070992	-1.704472e-5
0.00071008	-1.951483e-5
0.00071024	-2.139738e-5
0.0007104	-2.30823e-5
0.00071056	-2.695896e-5
0.00071072	-2.946913e-5
0.00071088	-2.939952e-5
0.00071104	-3.071113e-5
0.0007112	-3.049673e-5
0.00071136	-3.135003e-5
0.00071152	-3.075053e-5
0.00071168	-3.283368e-5
0.00071184	-3.282703e-5
0.000712	-3.295767e-5
0.00071216	-3.638213e-5
0.00071232	-4.213124e-5
0.00071248	-4.390552e-5
0.00071264	-4.229233e-5
0.0007128	-4.204079e-5
0.00071296	-4.382032e-5
0.00071312	-4.54737e-5
0.00071328	-4.948278e-5
0.00071344	-5.448819e-5
0.0007136	-5.87223e-5
0.00071376	-6.347786e-5
0.00071392	-6.816716e-5
0.00071408	-7.029263e-5
0.00071424	-7.344294e-5
0.0007144	-7.607025e-5
0.00071456	-8.016733e-5
0.00071472	-8.400511e-5
0.00071488	-8.578264e-5
0.00071504	-9.000075e-5
0.0007152	-9.452055e-5
0.00071536	-9.714437e-5
0.00071552	-0.0001003309
0.00071568	-0.000101188
0.00071584	-0.0001014144
0.000716	-0.0001016929
0.00071616	-0.0001055633
0.00071632	-0.0001098233
0.00071648	-0.0001120796
0.00071664	-0.0001130747
0.0007168	-0.0001138987
0.00071696	-0.0001171828
0.00071712	-0.0001219221
0.00071728	-0.0001236725
0.00071744	-0.0001260138
0.0007176	-0.0001284422
0.00071776	-0.0001317862
0.00071792	-0.0001326719
0.00071808	-0.0001331632
0.00071824	-0.0001335881
0.0007184	-0.0001352978
0.00071856	-0.0001360457
0.00071872	-0.0001363113
0.00071888	-0.0001359865
0.00071904	-0.0001371419
0.0007192	-0.0001368303
0.00071936	-0.0001388671
0.00071952	-0.0001397423
0.00071968	-0.0001424646
0.00071984	-0.0001416444
0.00072	-0.0001406676
0.00072016	-0.0001428307
0.00072032	-0.0001445239
0.00072048	-0.0001443734
0.00072064	-0.0001444224
0.0007208	-0.0001448029
0.00072096	-0.0001464997
0.00072112	-0.0001478288
0.00072128	-0.0001483914
0.00072144	-0.0001498524
0.0007216	-0.0001468088
0.00072176	-0.0001463729
0.00072192	-0.0001455723
0.00072208	-0.0001442443
0.00072224	-0.0001434622
0.0007224	-0.0001418615
0.00072256	-0.0001395703
0.00072272	-0.0001394776
0.00072288	-0.0001377171
0.00072304	-0.0001352293
0.0007232	-0.0001344673
0.00072336	-0.0001334253
0.00072352	-0.0001315754
0.00072368	-0.0001286508
0.00072384	-0.0001273752
0.000724	-0.0001243749
0.00072416	-0.0001222429
0.00072432	-0.0001187984
0.00072448	-0.0001175553
0.00072464	-0.000116621
0.0007248	-0.000116861
0.00072496	-0.0001134183
0.00072512	-0.0001126373
0.00072528	-0.0001093117
0.00072544	-0.0001064853
0.0007256	-0.0001032469
0.00072576	-0.0001019935
0.00072592	-9.79173e-5
0.00072608	-9.455243e-5
0.00072624	-9.041782e-5
0.0007264	-8.711318e-5
0.00072656	-8.445556e-5
0.00072672	-8.225239e-5
0.00072688	-8.079485e-5
0.00072704	-8.021899e-5
0.0007272	-7.781361e-5
0.00072736	-7.704609e-5
0.00072752	-7.284154e-5
0.00072768	-7.091305e-5
0.00072784	-6.700258e-5
0.000728	-6.423765e-5
0.00072816	-6.224857e-5
0.00072832	-5.846849e-5
0.00072848	-5.570043e-5
0.00072864	-5.407354e-5
0.0007288	-5.076245e-5
0.00072896	-4.848121e-5
0.00072912	-4.617636e-5
0.00072928	-4.214189e-5
0.00072944	-3.883e-5
0.0007296	-3.692928e-5
0.00072976	-3.357632e-5
0.00072992	-3.212992e-5
0.00073008	-3.19712e-5
0.00073024	-3.047721e-5
0.0007304	-2.922134e-5
0.00073056	-3.028138e-5
0.00073072	-2.912272e-5
0.00073088	-3.09512e-5
0.00073104	-3.097835e-5
0.0007312	-3.04466e-5
0.00073136	-2.806458e-5
0.00073152	-2.711767e-5
0.00073168	-2.797123e-5
0.00073184	-2.526654e-5
0.000732	-2.522783e-5
0.00073216	-2.582807e-5
0.00073232	-2.513719e-5
0.00073248	-2.657102e-5
0.00073264	-2.893342e-5
0.0007328	-3.106596e-5
0.00073296	-3.374695e-5
0.00073312	-3.43409e-5
0.00073328	-3.330392e-5
0.00073344	-3.314791e-5
0.0007336	-3.177917e-5
0.00073376	-3.189838e-5
0.00073392	-3.134616e-5
0.00073408	-3.318629e-5
0.00073424	-3.484838e-5
0.0007344	-3.236462e-5
0.00073456	-3.201127e-5
0.00073472	-3.323575e-5
0.00073488	-3.590818e-5
0.00073504	-3.625371e-5
0.0007352	-3.766439e-5
0.00073536	-3.753901e-5
0.00073552	-3.679734e-5
0.00073568	-3.378625e-5
0.00073584	-3.485141e-5
0.000736	-3.506303e-5
0.00073616	-3.427268e-5
0.00073632	-3.112863e-5
0.00073648	-3.159887e-5
0.00073664	-3.023321e-5
0.0007368	-2.758923e-5
0.00073696	-2.517084e-5
0.00073712	-2.484978e-5
0.00073728	-2.266618e-5
0.00073744	-2.005817e-5
0.0007376	-1.72811e-5
0.00073776	-1.676184e-5
0.00073792	-1.625498e-5
0.00073808	-1.547051e-5
0.00073824	-1.502562e-5
0.0007384	-1.304635e-5
0.00073856	-1.313182e-5
0.00073872	-1.2677e-5
0.00073888	-1.147758e-5
0.00073904	-9.002067e-6
0.0007392	-5.538601e-6
0.00073936	-3.42851e-6
0.00073952	-7.603198e-7
0.00073968	2.697424e-6
0.00073984	6.977609e-6
0.00074	8.141687e-6
0.00074016	1.143485e-5
0.00074032	1.492661e-5
0.00074048	1.93451e-5
0.00074064	2.202294e-5
0.0007408	2.427268e-5
0.00074096	2.770129e-5
0.00074112	3.002366e-5
0.00074128	3.369675e-5
0.00074144	3.606593e-5
0.0007416	3.963798e-5
0.00074176	4.241632e-5
0.00074192	4.670849e-5
0.00074208	5.142052e-5
0.00074224	5.478205e-5
0.0007424	5.559804e-5
0.00074256	5.713986e-5
0.00074272	6.213805e-5
0.00074288	6.310185e-5
0.00074304	6.745289e-5
0.0007432	7.064779e-5
0.00074336	7.499975e-5
0.00074352	7.93746e-5
0.00074368	8.289196e-5
0.00074384	8.252407e-5
0.000744	8.436382e-5
0.00074416	8.677701e-5
0.00074432	8.873467e-5
0.00074448	9.079912e-5
0.00074464	9.256964e-5
0.0007448	9.52437e-5
0.00074496	9.783528e-5
0.00074512	0.0001005505
0.00074528	0.0001019504
0.00074544	0.0001012431
0.0007456	0.0001037892
0.00074576	0.0001047654
0.00074592	0.000107088
0.00074608	0.0001086495
0.00074624	0.0001087618
0.0007464	0.0001119746
0.00074656	0.0001155794
0.00074672	0.0001178627
0.00074688	0.0001207263
0.00074704	0.0001229406
0.0007472	0.0001259856
0.00074736	0.0001268323
0.00074752	0.0001276354
0.00074768	0.000128613
0.00074784	0.0001293585
0.000748	0.0001297872
0.00074816	0.0001318478
0.00074832	0.0001318471
0.00074848	0.0001307323
0.00074864	0.0001320069
0.0007488	0.0001330054
0.00074896	0.0001366506
0.00074912	0.0001393217
0.00074928	0.0001409145
0.00074944	0.0001438463
0.0007496	0.0001447655
0.00074976	0.0001451524
0.00074992	0.0001468086
0.00075008	0.0001460833
0.00075024	0.00014656
0.0007504	0.0001458509
0.00075056	0.0001465707
0.00075072	0.0001430009
0.00075088	0.0001412871
0.00075104	0.0001415548
0.0007512	0.0001399767
0.00075136	0.0001405991
0.00075152	0.0001418035
0.00075168	0.0001399329
0.00075184	0.0001382185
0.000752	0.0001380036
0.00075216	0.0001375237
0.00075232	0.0001363841
0.00075248	0.0001338186
0.00075264	0.0001341054
0.0007528	0.0001333309
0.00075296	0.00013314
0.00075312	0.0001346658
0.00075328	0.0001339715
0.00075344	0.0001351264
0.0007536	0.0001328718
0.00075376	0.000132456
0.00075392	0.0001319648
0.00075408	0.0001303746
0.00075424	0.0001276724
0.0007544	0.00012719
0.00075456	0.0001267507
0.00075472	0.000121862
0.00075488	0.0001173926
0.00075504	0.0001144921
0.0007552	0.0001109663
0.00075536	0.0001038597
0.00075552	9.999451e-5
0.00075568	9.632128e-5
0.00075584	9.498891e-5
0.000756	9.308861e-5
0.00075616	8.978814e-5
0.00075632	8.592813e-5
0.00075648	7.952248e-5
0.00075664	7.448522e-5
0.0007568	7.289115e-5
0.00075696	6.916417e-5
0.00075712	6.663938e-5
0.00075728	6.086687e-5
0.00075744	5.684758e-5
0.0007576	5.295631e-5
0.00075776	5.200087e-5
0.00075792	4.832183e-5
0.00075808	4.216949e-5
0.00075824	3.871101e-5
0.0007584	3.403959e-5
0.00075856	3.126253e-5
0.00075872	2.840798e-5
0.00075888	2.427467e-5
0.00075904	2.082434e-5
0.0007592	1.456141e-5
0.00075936	9.66546e-6
0.00075952	5.648102e-6
0.00075968	-7.237094e-8
0.00075984	-4.614144e-6
0.00076	-9.156553e-6
0.00076016	-1.462292e-5
0.00076032	-1.964967e-5
0.00076048	-2.430406e-5
0.00076064	-3.111439e-5
0.0007608	-3.730157e-5
0.00076096	-4.209537e-5
0.00076112	-4.497512e-5
0.00076128	-4.973673e-5
0.00076144	-5.489012e-5
0.0007616	-5.845551e-5
0.00076176	-6.149596e-5
0.00076192	-6.383292e-5
0.00076208	-6.71429e-5
0.00076224	-7.143205e-5
0.0007624	-7.179991e-5
0.00076256	-7.339835e-5
0.00076272	-7.659926e-5
0.00076288	-7.907764e-5
0.00076304	-8.400534e-5
0.0007632	-8.56191e-5
0.00076336	-8.69464e-5
0.00076352	-8.817155e-5
0.00076368	-8.941412e-5
0.00076384	-9.101353e-5
0.000764	-9.216375e-5
0.00076416	-9.14578e-5
0.00076432	-9.302869e-5
0.00076448	-9.40201e-5
0.00076464	-9.298846e-5
0.0007648	-9.257912e-5
0.00076496	-9.117264e-5
0.00076512	-8.993871e-5
0.00076528	-9.002975e-5
0.00076544	-8.805739e-5
0.0007656	-8.593593e-5
0.00076576	-8.48058e-5
0.00076592	-8.330058e-5
0.00076608	-8.395441e-5
0.00076624	-8.283766e-5
0.0007664	-8.083285e-5
0.00076656	-7.825675e-5
0.00076672	-7.746175e-5
0.00076688	-7.28072e-5
0.00076704	-7.055298e-5
0.0007672	-6.743257e-5
0.00076736	-6.508197e-5
0.00076752	-6.136762e-5
0.00076768	-5.651863e-5
0.00076784	-5.355477e-5
0.000768	-4.999178e-5
0.00076816	-4.529322e-5
0.00076832	-3.647871e-5
0.00076848	-3.247829e-5
0.00076864	-2.888484e-5
0.0007688	-2.608006e-5
0.00076896	-2.299717e-5
0.00076912	-2.066707e-5
0.00076928	-1.735953e-5
0.00076944	-1.301181e-5
0.0007696	-9.888499e-6
0.00076976	-7.897088e-6
0.00076992	-8.017993e-6
0.00077008	-6.495502e-6
0.00077024	-3.509911e-6
0.0007704	1.410612e-7
0.00077056	5.015615e-6
0.00077072	6.470455e-6
0.00077088	8.856747e-6
0.00077104	1.065373e-5
0.0007712	1.405863e-5
0.00077136	1.304162e-5
0.00077152	1.625904e-5
0.00077168	2.013009e-5
0.00077184	2.350646e-5
0.000772	2.570898e-5
0.00077216	2.528975e-5
0.00077232	2.463292e-5
0.00077248	2.689022e-5
0.00077264	2.891611e-5
0.0007728	2.977822e-5
0.00077296	3.1683e-5
0.00077312	3.380672e-5
0.00077328	3.735875e-5
0.00077344	3.791606e-5
0.0007736	3.765926e-5
0.00077376	3.965842e-5
0.00077392	4.175313e-5
0.00077408	4.149757e-5
0.00077424	4.308525e-5
0.0007744	4.319235e-5
0.00077456	4.300525e-5
0.00077472	4.178006e-5
0.00077488	4.100976e-5
0.00077504	3.920625e-5
0.0007752	3.825578e-5
0.00077536	3.893659e-5
0.00077552	3.523231e-5
0.00077568	3.361246e-5
0.00077584	3.238123e-5
0.000776	2.9141e-5
0.00077616	2.736569e-5
0.00077632	2.58234e-5
0.00077648	2.739322e-5
0.00077664	2.717984e-5
0.0007768	2.619389e-5
0.00077696	2.739561e-5
0.00077712	2.691109e-5
0.00077728	2.508741e-5
0.00077744	2.364513e-5
0.0007776	2.236737e-5
0.00077776	2.152706e-5
0.00077792	2.047852e-5
0.00077808	2.01318e-5
0.00077824	2.140699e-5
0.0007784	2.133799e-5
0.00077856	1.926576e-5
0.00077872	1.931465e-5
0.00077888	1.801178e-5
0.00077904	1.652434e-5
0.0007792	1.517179e-5
0.00077936	1.466423e-5
0.00077952	1.191337e-5
0.00077968	1.27307e-5
0.00077984	1.193474e-5
0.00078	1.132345e-5
0.00078016	9.630852e-6
0.00078032	9.826109e-6
0.00078048	9.981344e-6
0.00078064	9.039471e-6
0.0007808	7.47242e-6
0.00078096	6.167038e-6
0.00078112	5.100718e-6
0.00078128	3.884207e-6
0.00078144	5.286111e-6
0.0007816	7.602978e-6
0.00078176	7.609991e-6
0.00078192	8.435934e-6
0.00078208	8.575616e-6
0.00078224	7.176568e-6
0.0007824	8.371504e-6
0.00078256	7.89202e-6
0.00078272	7.350582e-6
0.00078288	1.149433e-5
0.00078304	1.515266e-5
0.0007832	1.424782e-5
0.00078336	1.313859e-5
0.00078352	1.15474e-5
0.00078368	9.811421e-6
0.00078384	8.495846e-6
0.000784	7.271286e-6
0.00078416	6.601166e-6
0.00078432	6.600762e-6
0.00078448	7.52196e-6
0.00078464	8.625309e-6
0.0007848	1.025846e-5
0.00078496	1.124582e-5
0.00078512	1.101805e-5
0.00078528	1.162974e-5
0.00078544	1.362065e-5
0.0007856	1.268984e-5
0.00078576	1.527307e-5
0.00078592	1.598336e-5
0.00078608	1.747916e-5
0.00078624	1.721951e-5
0.0007864	1.94541e-5
0.00078656	2.077983e-5
0.00078672	2.131914e-5
0.00078688	2.371937e-5
0.00078704	2.524909e-5
0.0007872	2.432846e-5
0.00078736	2.59594e-5
0.00078752	2.586049e-5
0.00078768	2.711611e-5
0.00078784	2.919446e-5
0.000788	3.013176e-5
0.00078816	3.208562e-5
0.00078832	3.47628e-5
0.00078848	3.700797e-5
0.00078864	3.796804e-5
0.0007888	3.85065e-5
0.00078896	3.845439e-5
0.00078912	3.771432e-5
0.00078928	3.707718e-5
0.00078944	3.683078e-5
0.0007896	3.738489e-5
0.00078976	3.931019e-5
0.00078992	4.125802e-5
0.00079008	4.116278e-5
0.00079024	4.321687e-5
0.0007904	4.548242e-5
0.00079056	4.718903e-5
0.00079072	4.585284e-5
0.00079088	4.538812e-5
0.00079104	4.548833e-5
0.0007912	4.446243e-5
0.00079136	4.55596e-5
0.00079152	4.590043e-5
0.00079168	4.554901e-5
0.00079184	4.408653e-5
0.000792	4.502415e-5
0.00079216	4.483612e-5
0.00079232	4.571032e-5
0.00079248	4.541102e-5
0.00079264	4.665987e-5
0.0007928	4.667039e-5
0.00079296	4.666781e-5
0.00079312	4.516289e-5
0.00079328	4.265698e-5
0.00079344	3.991764e-5
0.0007936	3.823845e-5
0.00079376	3.916012e-5
0.00079392	3.966942e-5
0.00079408	4.14645e-5
0.00079424	4.074101e-5
0.0007944	3.574856e-5
0.00079456	3.41706e-5
0.00079472	3.087045e-5
0.00079488	2.877901e-5
0.00079504	2.660834e-5
0.0007952	2.535329e-5
0.00079536	2.401994e-5
0.00079552	2.138334e-5
0.00079568	1.825495e-5
0.00079584	1.692504e-5
0.000796	1.545368e-5
0.00079616	1.330896e-5
0.00079632	1.035411e-5
0.00079648	8.335806e-6
0.00079664	7.310902e-6
0.0007968	4.417924e-6
0.00079696	2.2546e-6
0.00079712	1.897916e-7
0.00079728	-2.09368e-6
0.00079744	-2.946918e-6
0.0007976	-5.167719e-6
0.00079776	-7.804354e-6
0.00079792	-9.202518e-6
0.00079808	-1.113886e-5
0.00079824	-1.249816e-5
0.0007984	-1.341973e-5
0.00079856	-1.538928e-5
0.00079872	-1.618041e-5
0.00079888	-1.800918e-5
0.00079904	-2.119227e-5
0.0007992	-2.312773e-5
0.00079936	-2.53398e-5
0.00079952	-2.704658e-5
0.00079968	-3.040057e-5
0.00079984	-3.212318e-5
